ID,Traditional,Simplified,Pinyin,POS,Meaning,Category,Subcategory,Variants
L1-001,人,人,rén,N,person,人物,人物,
L1-002,你,你,nǐ,Pron,you,人物,人物,
L1-003,我,我,wǒ,Pron,"I, me",人物,人物,
L1-004,他/她,他/她,tā,Pron,"he/she, him/her",人物,人物,"[{""Traditional"": ""他"", ""Simplified"": ""他"", ""Pinyin"": ""tā""}, {""Traditional"": ""她"", ""Simplified"": ""她"", ""Pinyin"": ""tā""}]"
L1-005,您,您,nín,Pron,(polite form of address) you,人物,人物,
L1-006,們,们,men,Affix,plural affix,人物,人物,
L1-007,大家,大家,dàjiā,N,everyone,人物,人物,
L1-008,誰,谁,shéi,N,"who, sb",人物,人物,
L1-009,名字,名字,míngzì/míngzi,N,name,人物,人物,"[{""Traditional"": ""名字"", ""Simplified"": ""名字"", ""Pinyin"": ""míngzì""}, {""Traditional"": ""名字"", ""Simplified"": ""名字"", ""Pinyin"": ""míngzi""}]"
L1-010,先生,先生,xiānsheng/xiānshēng,N,Mr.,人物,人物,"[{""Traditional"": ""先生"", ""Simplified"": ""先生"", ""Pinyin"": ""xiānsheng""}, {""Traditional"": ""先生"", ""Simplified"": ""先生"", ""Pinyin"": ""xiānshēng""}]"
L1-011,小姐,小姐,xiǎojiě,N,Miss,人物,人物,
L1-012,太太,太太,tàitai,N,Mrs.,人物,人物,
L1-013,女(生)/女孩,女(生)/女孩,nǚ(shēng)/nǚhái,N,girl,人物,人物,"[{""Traditional"": ""女"", ""Simplified"": ""女"", ""Pinyin"": ""nǚ""}, {""Traditional"": ""女生"", ""Simplified"": ""女生"", ""Pinyin"": ""nǚshēng""}, {""Traditional"": ""女孩"", ""Simplified"": ""女孩"", ""Pinyin"": ""nǚhái""}]"
L1-014,男(生)/男孩,男(生)/男孩,nán(shēng)/nánhái,N,boy,人物,人物,"[{""Traditional"": ""男"", ""Simplified"": ""男"", ""Pinyin"": ""nán""}, {""Traditional"": ""男生"", ""Simplified"": ""男生"", ""Pinyin"": ""nánshēng""}, {""Traditional"": ""男孩"", ""Simplified"": ""男孩"", ""Pinyin"": ""nánhái""}]"
L1-015,朋友,朋友,péngyǒu/péngyou,N,friend,人物,人物,"[{""Traditional"": ""朋友"", ""Simplified"": ""朋友"", ""Pinyin"": ""péngyǒu""}, {""Traditional"": ""朋友"", ""Simplified"": ""朋友"", ""Pinyin"": ""péngyou""}]"
L1-016,家人,家人,jiārén,N,family members,人物,家庭,
L1-017,哥(哥),哥(哥),gē(ge),N,elder brother,人物,家庭,"[{""Traditional"": ""哥哥"", ""Simplified"": ""哥哥"", ""Pinyin"": ""gēge""}, {""Traditional"": ""哥"", ""Simplified"": ""哥"", ""Pinyin"": ""gē""}]"
L1-018,姊(姊),姊(姊),jiě(jie),N,elder sister,人物,家庭,"[{""Traditional"": ""姊姊"", ""Simplified"": ""姊姊"", ""Pinyin"": ""jiějie""}, {""Traditional"": ""姊"", ""Simplified"": ""姊"", ""Pinyin"": ""jiě""}]"
L1-019,弟(弟),弟(弟),dì(di),N,younger brother,人物,家庭,"[{""Traditional"": ""弟弟"", ""Simplified"": ""弟弟"", ""Pinyin"": ""dìdi""}, {""Traditional"": ""弟"", ""Simplified"": ""弟"", ""Pinyin"": ""dì""}]"
L1-020,妹(妹),妹(妹),mèi(mei),N,younger sister,人物,家庭,"[{""Traditional"": ""妹"", ""Simplified"": ""妹"", ""Pinyin"": ""mèi""}, {""Traditional"": ""妹妹"", ""Simplified"": ""妹妹"", ""Pinyin"": ""mèimei""}]"
L1-021,爸(爸),爸(爸),bà(ba),N,father,人物,家庭,"[{""Traditional"": ""爸爸"", ""Simplified"": ""爸爸"", ""Pinyin"": ""bàba""}, {""Traditional"": ""爸"", ""Simplified"": ""爸"", ""Pinyin"": ""bà""}]"
L1-022,媽(媽),妈(妈),mā(ma),N,mother,人物,家庭,"[{""Traditional"": ""媽媽"", ""Simplified"": ""妈妈"", ""Pinyin"": ""māma""}, {""Traditional"": ""媽"", ""Simplified"": ""妈"", ""Pinyin"": ""mā""}]"
L1-023,爺爺,爷爷,yéye,N,grandfather,人物,家庭,
L1-024,奶奶,奶奶,nǎinai,N,grandmother,人物,家庭,
L1-025,阿姨,阿姨,āyí,N,aunt,人物,家庭,
L1-026,兒(子),儿(子),ér(zi),N,son,人物,家庭,"[{""Traditional"": ""兒子"", ""Simplified"": ""儿子"", ""Pinyin"": ""érzi""}, {""Traditional"": ""兒"", ""Simplified"": ""儿"", ""Pinyin"": ""ér""}]"
L1-027,女兒,女儿,nǚ'ér,N,daughter,人物,家庭,
L1-028,娃(娃),娃(娃),wá(wa),N,baby; doll,人物,家庭,"[{""Traditional"": ""娃"", ""Simplified"": ""娃"", ""Pinyin"": ""wá""}, {""Traditional"": ""娃娃"", ""Simplified"": ""娃娃"", ""Pinyin"": ""wáwa""}]"
L1-029,大人,大人,dàrén/dàren,N,adult,人物,家庭,"[{""Traditional"": ""大人"", ""Simplified"": ""大人"", ""Pinyin"": ""dàrén""}, {""Traditional"": ""大人"", ""Simplified"": ""大人"", ""Pinyin"": ""dàren""}]"
L1-030,小孩子,小孩子,xiǎoháizi,N,"child, kid",人物,家庭,
L1-031,小朋友,小朋友,xiǎopéngyǒu,N,"child, kid",人物,家庭,
L1-032,身體,身体,shēntǐ,N,body,人物,身體部位,
L1-033,頭,头,tóu,N,head,人物,身體部位,
L1-034,頭髮,头发,tóufǎ/toufa,N,hair,人物,身體部位,"[{""Traditional"": ""頭髮"", ""Simplified"": ""头发"", ""Pinyin"": ""tóufǎ""}, {""Traditional"": ""頭髮"", ""Simplified"": ""头发"", ""Pinyin"": ""toufa""}]"
L1-035,毛,毛,máo,N,hair; fur,人物,身體部位,
L1-036,臉,脸,liǎn,N,face,人物,身體部位,
L1-037,眼睛,眼睛,yǎnjing,N,eye,人物,身體部位,
L1-038,耳朵,耳朵,ěrduo,N,ear,人物,身體部位,
L1-039,鼻(子),鼻(子),bí(zi),N,nose,人物,身體部位,"[{""Traditional"": ""鼻子"", ""Simplified"": ""鼻子"", ""Pinyin"": ""bízi""}, {""Traditional"": ""鼻"", ""Simplified"": ""鼻"", ""Pinyin"": ""bí""}]"
L1-040,口,口,kǒu,N/M,mouth; measure word for a bite,人物,身體部位,
L1-041,嘴(巴),嘴(巴),zuǐ(ba),N,mouth,人物,身體部位,"[{""Traditional"": ""嘴"", ""Simplified"": ""嘴"", ""Pinyin"": ""zuǐ""}, {""Traditional"": ""嘴巴"", ""Simplified"": ""嘴巴"", ""Pinyin"": ""zuǐba""}]"
L1-042,牙(齒),牙(齿),yá(chǐ),N,tooth,人物,身體部位,"[{""Traditional"": ""牙"", ""Simplified"": ""牙"", ""Pinyin"": ""yá""}, {""Traditional"": ""牙齒"", ""Simplified"": ""牙齿"", ""Pinyin"": ""yáchǐ""}]"
L1-043,肚(子),肚(子),dù(zi),N,belly,人物,身體部位,"[{""Traditional"": ""肚子"", ""Simplified"": ""肚子"", ""Pinyin"": ""dùzi""}, {""Traditional"": ""肚"", ""Simplified"": ""肚"", ""Pinyin"": ""dù""}]"
L1-044,手,手,shǒu,N,hand,人物,身體部位,
L1-045,手指,手指,shǒuzhǐ,N,finger,人物,身體部位,
L1-046,腳,脚,jiǎo,N,"foot, leg",人物,身體部位,
L1-047,腿,腿,tuǐ,N,leg,人物,身體部位,
L1-048,大便,大便,dàbiàn,N/V,(to) poo,人物,身體動作,
L1-049,洗澡,洗澡,xǐzǎo,V,to take a bath,人物,身體動作,
L1-050,爬,爬,pá,V,to crawl; to climb,人物,身體動作,
L1-051,睡/睡覺,睡/睡觉,shuì/shuìjiào,V,to sleep,人物,身體動作,"[{""Traditional"": ""睡"", ""Simplified"": ""睡"", ""Pinyin"": ""shuì""}, {""Traditional"": ""睡覺"", ""Simplified"": ""睡觉"", ""Pinyin"": ""shuìjiào""}]"
L1-052,拿,拿,ná,V,to take,人物,手部動作,
L1-053,放,放,fàng,V,to put,人物,手部動作,
L1-054,打,打,dǎ,V,to hit; to play (sports and drums),人物,手部動作,
L1-055,拍,拍,pāi,V,to clap; to pat; to bounce,人物,手部動作,
L1-056,做,做,zuò,V,"to make, to do",人物,手部動作,
L1-057,站,站,zhàn,V,to stand,人物,腳部動作,
L1-058,坐,坐,zuò,V,to sit; to travel by (bus etc),人物,腳部動作,
L1-059,走,走,zǒu,V,to walk,人物,腳部動作,
L1-060,跑,跑,pǎo,V,to run,人物,腳部動作,
L1-061,看(見),看(见),kàn(jian),V,"to see, to look at, to watch",人物,眼部動作,"[{""Traditional"": ""看"", ""Simplified"": ""看"", ""Pinyin"": ""kàn""}, {""Traditional"": ""看見"", ""Simplified"": ""看见"", ""Pinyin"": ""kànjian""}]"
L1-062,說,说,shuō,V,"to speak, to talk, to say",人物,口部動作,
L1-063,聽(見),听(见),tīng(jiàn),V,"to listen, to hear",人物,口部動作,"[{""Traditional"": ""聽"", ""Simplified"": ""听"", ""Pinyin"": ""tīng""}, {""Traditional"": ""聽見"", ""Simplified"": ""听见"", ""Pinyin"": ""tīngjiàn""}]"
L1-064,叫,叫,jiào,V,to call; to ask,人物,口部動作,
L1-065,問,问,wèn,V,to ask,人物,口部動作,
L1-066,哈,哈,hā,Ptc,particle used for imitating laughters,人物,口部動作,
L1-067,笑,笑,xiào,V,"to smile, to laugh",人物,心理活動,
L1-068,哭,哭,kū,V,"to cry, to weep",人物,心理活動,
L1-069,快樂,快乐,kuàilè,Vs,happy,人物,心理活動,
L1-070,害怕,害怕,hàipà,Vs,"afraid, scared",人物,心理活動,
L1-071,可怕,可怕,kěpà,Vs,horrible,人物,心理活動,
L1-072,累,累,lèi,Vs,"tired, weary",人物,心理活動,
L1-073,痛,痛,tòng,Vs,to ache,人物,心理活動,
L1-074,怕,怕,pà,Vs,"afraid, scared",人物,心理活動,
L1-075,愛,爱,ài,Vs/N,to love,人物,心理活動,
L1-076,喜歡,喜欢,xǐhuān/xǐhuan,Vs,to like,人物,心理活動,"[{""Traditional"": ""喜歡"", ""Simplified"": ""喜欢"", ""Pinyin"": ""xǐhuān""}, {""Traditional"": ""喜歡"", ""Simplified"": ""喜欢"", ""Pinyin"": ""xǐhuan""}]"
L1-077,討厭,讨厌,tǎoyàn,Vs,to hate,人物,心理活動,
L1-078,覺得,觉得,juéde,V,to feel,人物,心理活動,
L1-079,想,想,xiǎng,V,to think,人物,心理活動,
L1-080,知道,知道,zhīdao,V,to know,人物,心理活動,
L1-081,意思,意思,yìsi,N,meaning,人物,心理活動,
L1-082,胖,胖,pàng,Vs,fat,人物,人格特質,
L1-083,瘦,瘦,shòu,Vs,thin,人物,人格特質,
L1-084,老,老,lǎo,Vs,old,人物,人格特質,
L1-085,美,美,měi,Vs,"beautiful, pretty",人物,人格特質,
L1-086,乖,乖,guāi,Vs,well-behaved,人物,人格特質,
L1-087,可愛,可爱,kě'ài,Vs,"cute, lovely",人物,人格特質,
L1-088,漂亮,漂亮,piàoliang,Vs,"beautiful, pretty",人物,人格特質,
L1-089,好像,好像,hǎoxiàng,Adv,"seem, be like",人物,人格特質,
L1-090,工人,工人,gōngrén,N,worker,人物,職業,
L1-091,老師,老师,lǎoshī,N,teacher,人物,職業,
L1-092,學生,学生,xuéshēng,N,student,人物,職業,
L1-093,醫生,医生,yīshēng,N,doctor,人物,職業,
L1-094,警察,警察,jǐngchá,N,police officer,人物,職業,
L1-095,護士,护士,hùshì/hùshi,N,nurse,人物,職業,"[{""Traditional"": ""護士"", ""Simplified"": ""护士"", ""Pinyin"": ""hùshì""}, {""Traditional"": ""護士"", ""Simplified"": ""护士"", ""Pinyin"": ""hùshi""}]"
L1-096,上班,上班,shàngbān,V,to go to work,人物,職業,
L1-097,工作,工作,gōngzuò,V/N,(to) work,人物,職業,
L1-098,忙,忙,máng,Vs,"hurry, hasten",人物,職業,
L1-099,零,零,líng,Num,zero,數量,數字,
L1-100,一,一,yī,Num,one,數量,數字,
L1-101,二,二,èr,Num,two,數量,數字,
L1-102,兩,两,liǎng,Num,two,數量,數字,
L1-103,三,三,sān,Num,three,數量,數字,
L1-104,四,四,sì,Num,four,數量,數字,
L1-105,五,五,wǔ,Num,five,數量,數字,
L1-106,六,六,liù,Num,six,數量,數字,
L1-107,七,七,qī,Num,seven,數量,數字,
L1-108,八,八,bā,Num,eight,數量,數字,
L1-109,九,九,jiǔ,Num,nine,數量,數字,
L1-110,十,十,shí,Num,ten,數量,數字,
L1-111,百,百,bǎi,Num,hundred,數量,數字,
L1-112,每,每,měi,Det,every,數量,數量,
L1-113,多,多,duō,Vs,a lot,數量,數量,
L1-114,少,少,shǎo,Vs,"few, little",數量,數量,
L1-115,數,数,shǔ,V,to count,數量,數量,
L1-116,剩下,剩下,shèngxià,V,to remain,數量,數量,
L1-117,歲,岁,suì,N,"age, year old",數量,數量,
L1-118,一起,一起,yīqǐ,Adv,together,數量,數量,
L1-119,本,本,běn,M,individual measure word for books or magazines etc,數量,數量,
L1-120,頁,页,yè,N/M,page; partial measure word for one side of a book or magazine,數量,數量,
L1-121,次,次,cì,M,measure word for the number of repetitions in a given period of time,數量,數量,
L1-122,種,种,zhǒng/zhòng,M/V,collective measure word for things of the same kind; to grow (plants),數量,數量,"[{""Traditional"": ""種"", ""Simplified"": ""种"", ""Pinyin"": ""zhǒng""}, {""Traditional"": ""種"", ""Simplified"": ""种"", ""Pinyin"": ""zhòng""}]"
L1-123,朵,朵,duǒ,M,individual measure word for flowers or clouds,數量,數量,
L1-124,塊,块,kuài,M,"partial measure word for lumps of foodstuff, for regular-shaped products, and for chinese currency",數量,數量,
L1-125,個,个,ge,M,general measure word for individuals,數量,數量,
L1-126,隻,只,zhī,M,measre word for one of the symetrical limbs or organs of people or animals and for insects or animals,數量,數量,
L1-127,元,元,yuán,N,dollar,數量,金錢,
L1-128,錢,钱,qián,N,money,數量,金錢,
L1-129,買,买,mǎi,V,to buy,數量,金錢,
L1-130,多少,多少,duōshǎo,N,how much,數量,金錢,
L1-131,最,最,zuì,Adv,most,程度,程度,
L1-132,好,好,hǎo,Adv/Vs,"very, quite; good",程度,程度,
L1-133,太,太,tài,Adv,"too, extremely, very",程度,程度,
L1-134,很,很,hěn,Adv,"very, quite, awfully",程度,程度,
L1-135,真,真,zhēn,Adv,"really, truly",程度,程度,
L1-136,非常,非常,fēicháng,Adv,"specially, very, extremely",程度,程度,
L1-137,一樣,一样,yīyàng,Adv,same,程度,程度,
L1-138,年,年,nián,N,year,時間,年月日星期,
L1-139,月,月,yuè,N,month,時間,年月日星期,
L1-140,日,日,rì,N,day,時間,年月日星期,
L1-141,號,号,hào,N,number,時間,年月日星期,
L1-142,天,天,tiān,N,day,時間,年月日星期,
L1-143,星期,星期,xīngqí/xīngqī,N,week,時間,年月日星期,"[{""Traditional"": ""星期"", ""Simplified"": ""星期"", ""Pinyin"": ""xīngqí""}, {""Traditional"": ""星期"", ""Simplified"": ""星期"", ""Pinyin"": ""xīngqī""}]"
L1-144,星期天/星期日,星期天/星期日,Xīngqítiān/Xīngqītiān/Xīngqírì/Xīngqīrì,N/Adv,Sunday,時間,年月日星期,"[{""Traditional"": ""星期天"", ""Simplified"": ""星期天"", ""Pinyin"": ""Xīngqítiān""}, {""Traditional"": ""星期天"", ""Simplified"": ""星期天"", ""Pinyin"": ""Xīngqītiān""}, {""Traditional"": ""星期日"", ""Simplified"": ""星期日"", ""Pinyin"": ""Xīngqírì""}, {""Traditional"": ""星期日"", ""Simplified"": ""星期日"", ""Pinyin"": ""Xīngqīrì""}]"
L1-145,今天,今天,jīntiān,N/Adv,today,時間,年月日星期,
L1-146,明天,明天,míngtiān,N/Adv,tomorrow,時間,年月日星期,
L1-147,昨天,昨天,zuótiān,N/Adv,yesterday,時間,年月日星期,
L1-148,假日,假日,jiàrì,N,holiday,時間,年月日星期,
L1-149,早,早,zǎo,Vs/Adv,early,時間,時間,
L1-150,先,先,xiān,Adv,"earlier, before",時間,時間,
L1-151,早上,早上,zǎoshang,N/Adv,morning,時間,時間,
L1-152,上午,上午,shàngwǔ,N/Adv,morning,時間,時間,
L1-153,中午,中午,zhōngwǔ,N/Adv,noon,時間,時間,
L1-154,下午,下午,xiàwǔ,N/Adv,afternoon,時間,時間,
L1-155,晚上,晚上,wǎnshang,N/Adv,"evening, night",時間,時間,
L1-156,現在,现在,xiànzài,Adv,now,時間,時間,
L1-157,開始,开始,kāishǐ,V,"to begin, to start",時間,時間,
L1-158,幾,几,jǐ,Det,several,時間,時間,
L1-159,點,点,diǎn,N,o'clock,時間,時間,
L1-160,分,分,fēn,N,minute,時間,時間,
L1-161,半,半,bàn,N,half an hour,時間,時間,
L1-162,一下子,一下子,yīxiàzi,Adv,in a short while,時間,時間,
L1-163,再,再,zài,Conj/Adv,again,時間,時間,
L1-164,就,就,jiù,Conj/Adv,then (refers to both time and cause-effect relationship),時間,時間,
L1-165,等,等,děng,V,to wait,時間,時間,
L1-166,快,快,kuài,Vs,"soon, quick, fast",時間,時間,
L1-167,著,着,zhe,Asp,aspect marker used to indicate events that are durative,時間,時間,
L1-168,了,了,le,Asp,aspect marker used to indicate events undergone a certain change of state,時間,時間,
L1-169,顏色,颜色,yánsè,N,color,形色,顏色,
L1-170,白色,白色,báisè,N,white,形色,顏色,
L1-171,黃色,黄色,huángsè,N,yellow,形色,顏色,
L1-172,黑色,黑色,hēisè,N,black,形色,顏色,
L1-173,綠色,绿色,lǜsè,N,green,形色,顏色,
L1-174,藍色,蓝色,lánsè,N,blue,形色,顏色,
L1-175,紅色,红色,hóngsè,N,red,形色,顏色,
L1-176,亮,亮,liàng,Vs,bright,形色,顏色,
L1-177,小,小,xiǎo,Vs,"small, little",形色,尺寸,
L1-178,大,大,dà,Vs,big,形色,尺寸,
L1-179,長,长,cháng/zhǎng,Vs/V,long; to grow,形色,尺寸,"[{""Traditional"": ""長"", ""Simplified"": ""长"", ""Pinyin"": ""cháng""}, {""Traditional"": ""長"", ""Simplified"": ""长"", ""Pinyin"": ""zhǎng""}]"
L1-180,高,高,gāo,Vs,high,形色,尺寸,
L1-181,短,短,duǎn,Vs,"short, brief",形色,尺寸,
L1-182,矮,矮,ǎi,Vs,short,形色,尺寸,
L1-183,圓/圓形,圆/圆形,yuán/yuánxíng,Vs/N,round; circle,形色,形狀,"[{""Traditional"": ""圓"", ""Simplified"": ""圆"", ""Pinyin"": ""yuán""}, {""Traditional"": ""圓形"", ""Simplified"": ""圆形"", ""Pinyin"": ""yuánxíng""}]"
L1-184,三角形,三角形,sānjiǎoxíng,N,triangle,形色,形狀,
L1-185,正方形,正方形,zhèngfāngxíng,N,square,形色,形狀,
L1-186,長方形,长方形,chángfāngxíng,N,rectangle,形色,形狀,
L1-187,衣服,衣服,yīfu,N,clothes,生活,衣物飾品,
L1-188,帽(子),帽(子),mào(zi),N,hat,生活,衣物飾品,"[{""Traditional"": ""帽子"", ""Simplified"": ""帽子"", ""Pinyin"": ""màozi""}, {""Traditional"": ""帽"", ""Simplified"": ""帽"", ""Pinyin"": ""mào""}]"
L1-189,毛衣,毛衣,máoyī,N,sweater,生活,衣物飾品,
L1-190,外套,外套,wàitào,N,coat,生活,衣物飾品,
L1-191,裙(子),裙(子),qún(zi),N,"skirt, petticoat",生活,衣物飾品,"[{""Traditional"": ""裙子"", ""Simplified"": ""裙子"", ""Pinyin"": ""qúnzi""}, {""Traditional"": ""裙"", ""Simplified"": ""裙"", ""Pinyin"": ""qún""}]"
L1-192,褲(子),裤(子),kù(zi),N,pants,生活,衣物飾品,"[{""Traditional"": ""褲子"", ""Simplified"": ""裤子"", ""Pinyin"": ""kùzi""}, {""Traditional"": ""褲"", ""Simplified"": ""裤"", ""Pinyin"": ""kù""}]"
L1-193,鞋(子),鞋(子),xié(zi),N,shoes,生活,衣物飾品,"[{""Traditional"": ""鞋子"", ""Simplified"": ""鞋子"", ""Pinyin"": ""xiézi""}, {""Traditional"": ""鞋"", ""Simplified"": ""鞋"", ""Pinyin"": ""xié""}]"
L1-194,襪(子),袜(子),wà(zi),N,socks,生活,衣物飾品,"[{""Traditional"": ""襪子"", ""Simplified"": ""袜子"", ""Pinyin"": ""wàzi""}, {""Traditional"": ""襪"", ""Simplified"": ""袜"", ""Pinyin"": ""wà""}]"
L1-195,皮包,皮包,píbāo,N,leather handbag,生活,衣物飾品,
L1-196,穿,穿,chuān,V,"to wear, to put on",生活,衣物飾品,
L1-197,戴,戴,dài,V,"to wear, to put on",生活,衣物飾品,
L1-198,門,门,mén,N,door,生活,居家用品,
L1-199,窗/窗戶,窗/窗户,chuāng/chuānghu,N,window,生活,居家用品,"[{""Traditional"": ""窗"", ""Simplified"": ""窗"", ""Pinyin"": ""chuāng""}, {""Traditional"": ""窗戶"", ""Simplified"": ""窗户"", ""Pinyin"": ""chuānghu""}]"
L1-200,衣櫃,衣柜,yīguì,N,closet,生活,居家用品,
L1-201,櫃(子),柜(子),guì(zi),N,cabinet,生活,居家用品,"[{""Traditional"": ""櫃子"", ""Simplified"": ""柜子"", ""Pinyin"": ""guìzi""}, {""Traditional"": ""櫃"", ""Simplified"": ""柜"", ""Pinyin"": ""guì""}]"
L1-202,床,床,chuáng,N,bed,生活,居家用品,
L1-203,燈,灯,dēng,N,lamp,生活,居家用品,
L1-204,桌(子),桌(子),zhuō(zi),N,table,生活,居家用品,"[{""Traditional"": ""桌子"", ""Simplified"": ""桌子"", ""Pinyin"": ""zhuōzi""}, {""Traditional"": ""桌"", ""Simplified"": ""桌"", ""Pinyin"": ""zhuō""}]"
L1-205,椅(子),椅(子),yǐ(zi),N,chair,生活,居家用品,"[{""Traditional"": ""椅子"", ""Simplified"": ""椅子"", ""Pinyin"": ""yǐzi""}, {""Traditional"": ""椅"", ""Simplified"": ""椅"", ""Pinyin"": ""yǐ""}]"
L1-206,冷氣,冷气,lěngqì,N,air conditioner,生活,居家用品,
L1-207,冰箱,冰箱,bīngxiāng,N,refrigerator,生活,居家用品,
L1-208,棉被,棉被,miánbèi,N,quilt,生活,居家用品,
L1-209,電話,电话,diànhuà,N,telephone,生活,居家用品,
L1-210,電視,电视,diànshì,N,"television, TV",生活,居家用品,
L1-211,電腦,电脑,diànnǎo,N,computer,生活,居家用品,
L1-212,洗衣機,洗衣机,xǐyījī,N,washing machine,生活,居家用品,
L1-213,刀(子),刀(子),dāo(zi),N,knife,生活,居家用品,"[{""Traditional"": ""刀子"", ""Simplified"": ""刀子"", ""Pinyin"": ""dāozi""}, {""Traditional"": ""刀"", ""Simplified"": ""刀"", ""Pinyin"": ""dāo""}]"
L1-214,叉子,叉子,chāzi,N,fork,生活,居家用品,
L1-215,杯(子),杯(子),bēi(zi),N/M,"cup, glass; a cup of",生活,居家用品,"[{""Traditional"": ""杯"", ""Simplified"": ""杯"", ""Pinyin"": ""bēi"", ""POS"": ""M""}, {""Traditional"": ""杯子"", ""Simplified"": ""杯子"", ""Pinyin"": ""bēizi"", ""POS"": ""N""}]"
L1-216,筷(子),筷(子),kuài(zi),N,chopsticks,生活,居家用品,"[{""Traditional"": ""筷子"", ""Simplified"": ""筷子"", ""Pinyin"": ""kuàizi""}, {""Traditional"": ""筷"", ""Simplified"": ""筷"", ""Pinyin"": ""kuài""}]"
L1-217,碗,碗,wǎn,N,bowl; measure word for servings of food,生活,居家用品,
L1-218,水壺,水壶,shuǐhú,N,"pitcher, kettle, canteen, water bottle",生活,居家用品,
L1-219,花瓶,花瓶,huāpíng,N,vase,生活,居家用品,
L1-220,手錶,手表,shǒubiǎo,N,watch,生活,居家用品,
L1-221,鐘,钟,zhōng,N,"bell, clock",生活,居家用品,
L1-222,傘/雨傘,伞/雨伞,sǎn/yǔsǎn,N,umbrella,生活,居家用品,"[{""Traditional"": ""傘"", ""Simplified"": ""伞"", ""Pinyin"": ""sǎn""}, {""Traditional"": ""雨傘"", ""Simplified"": ""雨伞"", ""Pinyin"": ""yǔsǎn""}]"
L1-223,照片,照片,zhàopiàn,N,"photo, picture",生活,居家用品,
L1-224,照相機/照像機,照相机/照像机,zhàoxiàngjī,N,camera,生活,居家用品,"[{""Traditional"": ""照相機"", ""Simplified"": ""照相机"", ""Pinyin"": ""zhàoxiàngjī""}, {""Traditional"": ""照像機"", ""Simplified"": ""照像机"", ""Pinyin"": ""zhàoxiàngjī""}]"
L1-225,新,新,xīn,Vs,new,生活,居家活動,
L1-226,髒,脏,zāng,Vs,dirty,生活,居家活動,
L1-227,破,破,pò,Vs,to break apart,生活,居家活動,
L1-228,洗,洗,xǐ,V,to wash,生活,居家活動,
L1-229,開/打開,开/打开,kāi/dǎkāi,V,to open,生活,居家活動,"[{""Traditional"": ""開"", ""Simplified"": ""开"", ""Pinyin"": ""kāi""}, {""Traditional"": ""打開"", ""Simplified"": ""打开"", ""Pinyin"": ""dǎkāi""}]"
L1-230,起床,起床,qǐchuáng,V,to get up,生活,居家活動,
L1-231,照相/照像,照相/照像,zhàoxiàng,V,"to take a picture, to take a photograph",生活,居家活動,"[{""Traditional"": ""照相"", ""Simplified"": ""照相"", ""Pinyin"": ""zhàoxiàng""}, {""Traditional"": ""照像"", ""Simplified"": ""照像"", ""Pinyin"": ""zhàoxiàng""}]"
L1-232,肉,肉,ròu,N,meat,生活,飲食,
L1-233,菜,菜,cài,N,dish; vegetable,生活,飲食,
L1-234,蛋,蛋,dàn,N,egg,生活,飲食,
L1-235,麵,面,miàn,N,noodles,生活,飲食,
L1-236,(米)飯,(米)饭,(mǐ) fàn,N,rice,生活,飲食,"[{""Traditional"": ""飯"", ""Simplified"": ""饭"", ""Pinyin"": ""fàn""}, {""Traditional"": ""米飯"", ""Simplified"": ""米饭"", ""Pinyin"": ""mǐfàn""}]"
L1-237,餃(子),饺(子),jiǎo(zi),N,dumplings,生活,飲食,"[{""Traditional"": ""餃子"", ""Simplified"": ""饺子"", ""Pinyin"": ""jiǎozi""}, {""Traditional"": ""餃"", ""Simplified"": ""饺"", ""Pinyin"": ""jiǎo""}]"
L1-238,湯,汤,tāng,N,soup,生活,飲食,
L1-239,漢堡,汉堡,hànbǎo,N,hamburger,生活,飲食,
L1-240,熱狗,热狗,règǒu,N,hot dog,生活,飲食,
L1-241,餅乾,饼干,bǐnggān,N,"biscuit, cracker, cookie",生活,飲食,
L1-242,蛋糕,蛋糕,dàngāo,N,cake,生活,飲食,
L1-243,麵包,面包,miànbāo,N,bread,生活,飲食,
L1-244,三明治,三明治,sānmíngzhì,N,sandwich,生活,飲食,
L1-245,冰淇淋,冰淇淋,bīngqílín,N,ice cream,生活,飲食,
L1-246,餐,餐,cān,N,meal,生活,飲食,
L1-247,飲料,饮料,yǐnliào,N,"drink, beverage",生活,飲食,
L1-248,茶,茶,chá,N,tea,生活,飲食,
L1-249,牛奶,牛奶,niúnǎi,N,milk,生活,飲食,
L1-250,可樂,可乐,kělè,N,coke,生活,飲食,
L1-251,汽水,汽水,qìshuǐ,N,soft drink,生活,飲食,
L1-252,果汁,果汁,guǒzhī,N,juice,生活,飲食,
L1-253,水果,水果,shuǐguǒ,N,fruit,生活,飲食,
L1-254,橘(子),橘(子),jú(zi),N,tangerine,生活,飲食,"[{""Traditional"": ""橘子"", ""Simplified"": ""橘子"", ""Pinyin"": ""júzi""}, {""Traditional"": ""橘"", ""Simplified"": ""橘"", ""Pinyin"": ""jú""}]"
L1-255,西瓜,西瓜,xīguā,N,watermelon,生活,飲食,
L1-256,柳橙,柳橙,liǔchéng,N,orange,生活,飲食,
L1-257,香蕉,香蕉,xiāngjiāo,N,banana,生活,飲食,
L1-258,草莓,草莓,cǎoméi,N,strawberry,生活,飲食,
L1-259,番茄/蕃茄,番茄/蕃茄,fānqié,N,tomato,生活,飲食,"[{""Traditional"": ""番茄"", ""Simplified"": ""番茄"", ""Pinyin"": ""fānqié""}, {""Traditional"": ""蕃茄"", ""Simplified"": ""蕃茄"", ""Pinyin"": ""fānqié""}]"
L1-260,蘋果,苹果,píngguǒ,N,apple,生活,飲食,
L1-261,糖,糖,táng,N,"sugar, candy",生活,飲食,
L1-262,甜,甜,tián,Vs,sweet,生活,飲食,
L1-263,餓,饿,è,Vs,hungry,生活,飲食,
L1-264,吃,吃,chī,V,to eat,生活,飲食,
L1-265,喝,喝,hē,V,to drink,生活,飲食,
L1-266,給,给,gěi,V,to give,生活,飲食,
L1-267,同學,同学,tóngxué,N,classmate,生活,學校,
L1-268,上課,上课,shàngkè,V,to go to class,生活,學校,
L1-269,下課,下课,xiàkè,V,to dismiss,生活,學校,
L1-270,上學,上学,shàngxué,V,to go to school,生活,學校,
L1-271,放假,放假,fàngjià,V,to have day off,生活,學校,
L1-272,放學,放学,fàngxué,V,to finish classes (for the day),生活,學校,
L1-273,遊戲,游戏,yóuxì,N,game,生活,學校,
L1-274,圖,图,tú,N,"picture, drawing",生活,學校,
L1-275,字,字,zì,N,"character, word",生活,學校,
L1-276,書,书,shū,N,book,生活,學校,
L1-277,書包,书包,shūbāo,N,schoolbag,生活,學校,
L1-278,課,课,kè,N,"course, class",生活,學校,
L1-279,課本,课本,kèběn,N,textbook,生活,學校,
L1-280,作業,作业,zuòyè,N,homework,生活,學校,
L1-281,問題,问题,wèntí,N,"question, problem",生活,學校,
L1-282,考試,考试,kǎoshì,N/V,"(to) exam, (to) test",生活,學校,
L1-283,寫,写,xiě,V,to write,生活,學校,
L1-284,學,学,xué,V,"to study, to learn",生活,學校,
L1-285,讀,读,dú,V,to read,生活,學校,
L1-286,念,念,niàn,V,to read out loud,生活,學校,
L1-287,黑板,黑板,hēibǎn,N,blackboard,生活,學校,
L1-288,文具,文具,wénjù,N,stationery,生活,學校,
L1-289,紙,纸,zhǐ,N,paper,生活,學校,
L1-290,筆,笔,bǐ,N,pen,生活,學校,
L1-291,鉛筆,铅笔,qiānbǐ,N,pencil,生活,學校,
L1-292,彩色筆,彩色笔,cǎisèbǐ,N,color pen,生活,學校,
L1-293,尺,尺,chǐ,N,ruler,生活,學校,
L1-294,橡皮/橡皮擦,橡皮/橡皮擦,xiàngpí/xiàngpícā,N,eraser,生活,學校,"[{""Traditional"": ""橡皮"", ""Simplified"": ""橡皮"", ""Pinyin"": ""xiàngpí""}, {""Traditional"": ""橡皮擦"", ""Simplified"": ""橡皮擦"", ""Pinyin"": ""xiàngpícā""}]"
L1-295,剪刀,剪刀,jiǎndāo,N,scissors,生活,學校,
L1-296,剪,剪,jiǎn,V,to cut,生活,學校,
L1-297,貼,贴,tiē,V,to paste,生活,學校,
L1-298,玩,玩,wán,V,to play,生活,休閒活動,
L1-299,追,追,zhuī,V,"to chase after, to pursue",生活,休閒活動,
L1-300,跳舞,跳舞,tiàowǔ,V,to dance,生活,休閒活動,
L1-301,踢,踢,tī,V,to kick,生活,休閒活動,
L1-302,游/游泳,游/游泳,yóu/yóuyǒng,V,to swim,生活,休閒活動,"[{""Traditional"": ""游"", ""Simplified"": ""游"", ""Pinyin"": ""yóu""}, {""Traditional"": ""游泳"", ""Simplified"": ""游泳"", ""Pinyin"": ""yóuyǒng""}]"
L1-303,玩具,玩具,wánjù,N,toy,生活,休閒活動,
L1-304,運動,运动,yùndòng/yùndong,N/V,"sport, (to) exercise",生活,休閒活動,"[{""Traditional"": ""運動"", ""Simplified"": ""运动"", ""Pinyin"": ""yùndòng""}, {""Traditional"": ""運動"", ""Simplified"": ""运动"", ""Pinyin"": ""yùndong""}]"
L1-305,球,球,qiú,N,ball,生活,休閒活動,
L1-306,氣球,气球,qìqiú,N,balloon,生活,休閒活動,
L1-307,皮球,皮球,píqiú,N,ruber ball,生活,休閒活動,
L1-308,足球,足球,zúqiú,N,"soccer, football",生活,休閒活動,
L1-309,棒球,棒球,bàngqiú,N,baseball,生活,休閒活動,
L1-310,籃球,篮球,lánqiú,N,basketball,生活,休閒活動,
L1-311,下棋,下棋,xiàqí,V,to play chess,生活,休閒活動,
L1-312,畫/畫兒,画/画儿,huà/huàr,V/N,"to draw, to paint; picture, drawing, painting",生活,休閒活動,"[{""Traditional"": ""畫"", ""Simplified"": ""画"", ""Pinyin"": ""huà""}, {""Traditional"": ""畫兒"", ""Simplified"": ""画儿"", ""Pinyin"": ""huàr""}]"
L1-313,電影,电影,diànyǐng,N,"film, movie",生活,休閒活動,
L1-314,音樂,音乐,yīnyuè,N,music,生活,休閒活動,
L1-315,鋼琴,钢琴,gāngqín,N,piano,生活,休閒活動,
L1-316,唱,唱,chàng,V,to sing,生活,休閒活動,
L1-317,彈,弹,tán,V,to play (musical instruments),生活,休閒活動,
L1-318,歌,歌,gē,N,song,生活,休閒活動,
L1-319,養,养,yǎng,V,to raise,生活,休閒活動,
L1-320,送,送,sòng,V,"to send, to give",生活,休閒活動,
L1-321,生日,生日,shēngrì,N,birthday,生活,休閒活動,
L1-322,禮物,礼物,lǐwù,N,"gift, present",生活,休閒活動,
L1-323,新年,新年,xīnnián,N,New Year,生活,休閒活動,
L1-324,過年,过年,guònián,N/V,to celebrate or spend New Year,生活,休閒活動,
L1-325,生病,生病,shēngbìng,V,to be sick,生活,健康,
L1-326,感冒,感冒,gǎnmào,V,to catch a cold,生活,健康,
L1-327,打針,打针,dǎzhēn,V,to have an injection,生活,健康,
L1-328,藥,药,yào,N,"medicine, drug",生活,健康,
L1-329,車(子),车(子),chē(zi),N,car,交通,交通工具,"[{""Traditional"": ""車子"", ""Simplified"": ""车子"", ""Pinyin"": ""chēzi""}, {""Traditional"": ""車"", ""Simplified"": ""车"", ""Pinyin"": ""chē""}]"
L1-330,船,船,chuán,N,"boat, ship",交通,交通工具,
L1-331,火車,火车,huǒchē,N,train,交通,交通工具,
L1-332,汽車,汽车,qìchē,N,car,交通,交通工具,
L1-333,飛機,飞机,fēijī,N,airplane,交通,交通工具,
L1-334,公車/公共汽車,公车/公共汽车,gōngchē/gōnggòngqìchē,N,bus,交通,交通工具,"[{""Traditional"": ""公車"", ""Simplified"": ""公车"", ""Pinyin"": ""gōngchē""}, {""Traditional"": ""公共汽車"", ""Simplified"": ""公共汽车"", ""Pinyin"": ""gōnggòngqìchē""}]"
L1-335,腳踏車/自行車,脚踏车/自行车,jiǎotàchē/zìxíngchē,N,bicycle,交通,交通工具,"[{""Traditional"": ""腳踏車"", ""Simplified"": ""脚踏车"", ""Pinyin"": ""jiǎotàchē""}, {""Traditional"": ""自行車"", ""Simplified"": ""自行车"", ""Pinyin"": ""zìxíngchē""}]"
L1-336,到,到,dào,V,"to arrive, to reach, to go to",交通,交通工具,
L1-337,騎,骑,qí,V,to ride,交通,交通工具,
L1-338,過,过,guò,V/Asp,to pass; aspect marker for indicating experience for sth,交通,交通工具,
L1-339,飛,飞,fēi,V,to fly,交通,交通工具,
L1-340,雨,雨,yǔ,N,rain,自然,現象,
L1-341,風,风,fēng,N,wind,自然,現象,
L1-342,雪,雪,xuě,N,snow,自然,現象,
L1-343,雲,云,yún,N,cloud,自然,現象,
L1-344,太陽,太阳,tàiyáng,N,sun,自然,現象,
L1-345,月亮,月亮,yuèliàng/yuèliang,N,moon,自然,現象,"[{""Traditional"": ""月亮"", ""Simplified"": ""月亮"", ""Pinyin"": ""yuèliàng""}, {""Traditional"": ""月亮"", ""Simplified"": ""月亮"", ""Pinyin"": ""yuèliang""}]"
L1-346,星(星),星(星),xīng(xing),N,star,自然,現象,"[{""Traditional"": ""星"", ""Simplified"": ""星"", ""Pinyin"": ""xīng""}, {""Traditional"": ""星星"", ""Simplified"": ""星星"", ""Pinyin"": ""xīngxing""}]"
L1-347,火,火,huǒ,N,fire,自然,現象,
L1-348,水,水,shuǐ,N,water,自然,現象,
L1-349,冰,冰,bīng,N/Vs,ice,自然,現象,
L1-350,春/春天,春/春天,chūn/chūntiān,N,spring,自然,季節,"[{""Traditional"": ""春"", ""Simplified"": ""春"", ""Pinyin"": ""chūn""}, {""Traditional"": ""春天"", ""Simplified"": ""春天"", ""Pinyin"": ""chūntiān""}]"
L1-351,夏/夏天,夏/夏天,xià/xiàtiān,N,summer,自然,季節,"[{""Traditional"": ""夏"", ""Simplified"": ""夏"", ""Pinyin"": ""xià""}, {""Traditional"": ""夏天"", ""Simplified"": ""夏天"", ""Pinyin"": ""xiàtiān""}]"
L1-352,秋/秋天,秋/秋天,qiū/qiūtiān,N,"autumn, fall",自然,季節,"[{""Traditional"": ""秋"", ""Simplified"": ""秋"", ""Pinyin"": ""qiū""}, {""Traditional"": ""秋天"", ""Simplified"": ""秋天"", ""Pinyin"": ""qiūtiān""}]"
L1-353,冬/冬天,冬/冬天,dōng/dōngtiān,N,winter,自然,季節,"[{""Traditional"": ""冬"", ""Simplified"": ""冬"", ""Pinyin"": ""dōng""}, {""Traditional"": ""冬天"", ""Simplified"": ""冬天"", ""Pinyin"": ""dōngtiān""}]"
L1-354,天氣,天气,tiānqì,N,weather,自然,天氣,
L1-355,冷,冷,lěng,Vs,cold,自然,天氣,
L1-356,熱,热,rè,Vs,hot,自然,天氣,
L1-357,陰天,阴天,yīntiān,N,cloudy,自然,天氣,
L1-358,晴天,晴天,qíngtiān,N,sunny,自然,天氣,
L1-359,下雨,下雨,xiàyǔ,V,to rain,自然,天氣,
L1-360,下雪,下雪,xiàxuě,V,to snow,自然,天氣,
L1-361,花,花,huā,N,flower,自然,植物,
L1-362,草,草,cǎo,N,grass,自然,植物,
L1-363,樹,树,shù,N,tree,自然,植物,
L1-364,木/木頭,木/木头,mù/mùtou,N,wood,自然,植物,"[{""Traditional"": ""木"", ""Simplified"": ""木"", ""Pinyin"": ""mù""}, {""Traditional"": ""木頭"", ""Simplified"": ""木头"", ""Pinyin"": ""mùtou""}]"
L1-365,葉(子),叶(子),yè(zi),N,leaf,自然,植物,"[{""Traditional"": ""葉子"", ""Simplified"": ""叶子"", ""Pinyin"": ""yèzi""}, {""Traditional"": ""葉"", ""Simplified"": ""叶"", ""Pinyin"": ""yè""}]"
L1-366,動物,动物,dòngwù,N,animal,自然,動物,
L1-367,(老)虎,(老)虎,(lǎo) hǔ,N,tiger,自然,動物,"[{""Traditional"": ""虎"", ""Simplified"": ""虎"", ""Pinyin"": ""hǔ""}, {""Traditional"": ""老虎"", ""Simplified"": ""老虎"", ""Pinyin"": ""lǎohǔ""}]"
L1-368,猴(子),猴(子),hóu(zi),N,monkey,自然,動物,"[{""Traditional"": ""猴子"", ""Simplified"": ""猴子"", ""Pinyin"": ""hóuzi""}, {""Traditional"": ""猴"", ""Simplified"": ""猴"", ""Pinyin"": ""hóu""}]"
L1-369,馬,马,mǎ,N,horse,自然,動物,
L1-370,牛,牛,niú,N,cow,自然,動物,
L1-371,羊,羊,yáng,N,sheep,自然,動物,
L1-372,豬,猪,zhū,N,pig,自然,動物,
L1-373,狗,狗,gǒu,N,dog,自然,動物,
L1-374,貓,猫,māo,N,cat,自然,動物,
L1-375,(老)鼠,(老)鼠,(lǎo) shǔ,N,"mouse, rat",自然,動物,"[{""Traditional"": ""鼠"", ""Simplified"": ""鼠"", ""Pinyin"": ""shǔ""}, {""Traditional"": ""老鼠"", ""Simplified"": ""老鼠"", ""Pinyin"": ""lǎoshǔ""}]"
L1-376,兔(子),兔(子),tù(zi),N,"rabbit, hare",自然,動物,"[{""Traditional"": ""兔子"", ""Simplified"": ""兔子"", ""Pinyin"": ""tùzi""}, {""Traditional"": ""兔"", ""Simplified"": ""兔"", ""Pinyin"": ""tù""}]"
L1-377,鳥,鸟,niǎo,N,bird,自然,動物,
L1-378,雞,鸡,jī,N,chicken,自然,動物,
L1-379,鴨(子),鸭(子),yā(zi),N,duck,自然,動物,"[{""Traditional"": ""鴨子"", ""Simplified"": ""鸭子"", ""Pinyin"": ""yāzi""}, {""Traditional"": ""鴨"", ""Simplified"": ""鸭"", ""Pinyin"": ""yā""}]"
L1-380,魚,鱼,yú,N,fish,自然,動物,
L1-381,山,山,shān,N,mountain,自然,自然環境,
L1-382,地,地,dì,N,ground,自然,自然環境,
L1-383,天空,天空,tiānkōng,N,sky,自然,自然環境,
L1-384,(大)海,(大)海,(dà) hǎi,N,sea,自然,自然環境,"[{""Traditional"": ""海"", ""Simplified"": ""海"", ""Pinyin"": ""hǎi""}, {""Traditional"": ""大海"", ""Simplified"": ""大海"", ""Pinyin"": ""dàhǎi""}]"
L1-385,海邊,海边,hǎibiān,N,"seashore, sea beach, alongside the sea, coast",自然,自然環境,
L1-386,上(面),上(面),shàng(miàn),N,up; on top of,地方,方位,"[{""Traditional"": ""上"", ""Simplified"": ""上"", ""Pinyin"": ""shàng""}, {""Traditional"": ""上面"", ""Simplified"": ""上面"", ""Pinyin"": ""shàngmiàn""}]"
L1-387,下(面),下(面),xià(miàn),N,down; under,地方,方位,"[{""Traditional"": ""下"", ""Simplified"": ""下"", ""Pinyin"": ""xià""}, {""Traditional"": ""下面"", ""Simplified"": ""下面"", ""Pinyin"": ""xiàmiàn""}]"
L1-388,前(面),前(面),qián(miàn),N,front,地方,方位,"[{""Traditional"": ""前"", ""Simplified"": ""前"", ""Pinyin"": ""qián""}, {""Traditional"": ""前面"", ""Simplified"": ""前面"", ""Pinyin"": ""qiánmiàn""}]"
L1-389,後(面),后(面),hòu(miàn),N,back,地方,方位,"[{""Traditional"": ""後"", ""Simplified"": ""后"", ""Pinyin"": ""hòu""}, {""Traditional"": ""後面"", ""Simplified"": ""后面"", ""Pinyin"": ""hòumiàn""}]"
L1-390,裡(面),里(面),lǐ(miàn),N,inside,地方,方位,"[{""Traditional"": ""裡"", ""Simplified"": ""里"", ""Pinyin"": ""lǐ""}, {""Traditional"": ""裡面"", ""Simplified"": ""里面"", ""Pinyin"": ""lǐmiàn""}]"
L1-391,外(面),外(面),wài(miàn),N,outside,地方,方位,"[{""Traditional"": ""外"", ""Simplified"": ""外"", ""Pinyin"": ""wài""}, {""Traditional"": ""外面"", ""Simplified"": ""外面"", ""Pinyin"": ""wàimiàn""}]"
L1-392,中間,中间,zhōngjiān,N,"center, middle",地方,方位,
L1-393,在,在,zài,Prep/Asp,"in, at, on etc.; progressive aspect marker",地方,方位,
L1-394,來,来,lái,V,to come,地方,方位,
L1-395,去,去,qù,V,to go,地方,方位,
L1-396,回,回,huí,V,to go back to,地方,方位,
L1-397,進,进,jìn,V,to enter,地方,方位,
L1-398,出,出,chū,V,to go out,地方,方位,
L1-399,住,住,zhù,V,to live,地方,方位,
L1-400,哪,哪,nǎ,N,which,地方,方位,
L1-401,哪裡/哪兒,哪里/哪儿,nǎlǐ/nǎr,N,where,地方,方位,"[{""Traditional"": ""哪裡"", ""Simplified"": ""哪里"", ""Pinyin"": ""nǎlǐ""}, {""Traditional"": ""哪兒"", ""Simplified"": ""哪儿"", ""Pinyin"": ""nǎr""}]"
L1-402,這裡/這兒,这里/这儿,zhèlǐ/zhèr,Adv,here,地方,方位,"[{""Traditional"": ""這裡"", ""Simplified"": ""这里"", ""Pinyin"": ""zhèlǐ""}, {""Traditional"": ""這兒"", ""Simplified"": ""这儿"", ""Pinyin"": ""zhèr""}]"
L1-403,那裡/那兒,那里/那儿,nàlǐ/nàr,Adv,there,地方,方位,"[{""Traditional"": ""那裡"", ""Simplified"": ""那里"", ""Pinyin"": ""nàlǐ""}, {""Traditional"": ""那兒"", ""Simplified"": ""那儿"", ""Pinyin"": ""nàr""}]"
L1-404,路,路,lù,N,road,地方,方位,
L1-405,這/這些,这/这些,zhè/zhèixiē,Det,this; these,地方,方位,"[{""Traditional"": ""這"", ""Simplified"": ""这"", ""Pinyin"": ""zhè""}, {""Traditional"": ""這些"", ""Simplified"": ""这些"", ""Pinyin"": ""zhèixiē""}]"
L1-406,那/那些,那/那些,nà/nèixiē,Det,that; those,地方,方位,"[{""Traditional"": ""那"", ""Simplified"": ""那"", ""Pinyin"": ""nà""}, {""Traditional"": ""那些"", ""Simplified"": ""那些"", ""Pinyin"": ""nèixiē""}]"
L1-407,家,家,jiā,N,home,地方,處所,
L1-408,房(子),房(子),fáng(zi),N,house,地方,處所,"[{""Traditional"": ""房子"", ""Simplified"": ""房子"", ""Pinyin"": ""fángzi""}, {""Traditional"": ""房"", ""Simplified"": ""房"", ""Pinyin"": ""fáng""}]"
L1-409,房間,房间,fángjiān,N,room,地方,處所,
L1-410,學校,学校,xuéxiào,N,school,地方,處所,
L1-411,餐廳,餐厅,cāntīng,N,"restaurant, dining room",地方,處所,
L1-412,醫院,医院,yīyuàn,N,hospital,地方,處所,
L1-413,公園,公园,gōngyuán,N,park,地方,處所,
L1-414,花園,花园,huāyuán,N,garden,地方,處所,
L1-415,動物園,动物园,dòngwùyuán,N,zoo,地方,處所,
L1-416,車站,车站,chēzhàn,N,station,地方,處所,
L1-417,市場,市场,shìchǎng,N,market,地方,處所,
L1-418,店,店,diàn,N,"shop, store",地方,處所,
L1-419,商店,商店,shāngdiàn,N,"shop, store",地方,處所,
L1-420,百貨公司,百货公司,bǎihuògōngsī,N,department store,地方,處所,
L1-421,樓,楼,lóu,N,floor,地方,處所,
L1-422,國(家),国(家),guó(jiā),N,"country, state, nation",地方,國家,"[{""Traditional"": ""國"", ""Simplified"": ""国"", ""Pinyin"": ""guó""}, {""Traditional"": ""國家"", ""Simplified"": ""国家"", ""Pinyin"": ""guójiā""}]"
L1-423,中國,中国,Zhōngguó,N,China,地方,國家,
L1-424,台灣,台湾,Táiwān,N,Taiwan,地方,國家,
L1-425,美國,美国,Měiguó,N,the United States,地方,國家,
L1-426,漢語,汉语,Hànyǔ,N,Chinese/Sinitic language(s),地方,語言,
L1-427,英語/英文,英语/英文,Yīngyǔ/Yīngwén,N,English (language),地方,語言,"[{""Traditional"": ""英語"", ""Simplified"": ""英语"", ""Pinyin"": ""Yīngyǔ""}, {""Traditional"": ""英文"", ""Simplified"": ""英文"", ""Pinyin"": ""Yīngwén""}]"
L1-428,華語/華文,华语/华文,Huáyǔ/Huáwén,N,Chinese (language),地方,語言,"[{""Traditional"": ""華語"", ""Simplified"": ""华语"", ""Pinyin"": ""Huáyǔ""}, {""Traditional"": ""華文"", ""Simplified"": ""华文"", ""Pinyin"": ""Huáwén""}]"
L1-429,請,请,qǐng,V,please,常用語,一般,
L1-430,謝(謝),谢(谢),xiè(xie),V,to thank,常用語,一般,"[{""Traditional"": ""謝"", ""Simplified"": ""谢"", ""Pinyin"": ""xiè""}, {""Traditional"": ""謝謝"", ""Simplified"": ""谢谢"", ""Pinyin"": ""xièxie""}]"
L1-431,再見,再见,zàijiàn,V,"Goodbye, or see you again.",常用語,一般,
L1-432,不客氣,不客气,bùkèqì,V,You are welcome.,常用語,一般,
L1-433,沒關係,没关系,méiguānxi,V,Never mind.,常用語,一般,
L1-434,對不起,对不起,duìbuqǐ,V,sorry,常用語,一般,
L1-435,祝,祝,zhù,V,"to bless, to wish",常用語,祝福,
L1-436,對,对,duì,Vs,"right, correct",功能詞,功能詞,
L1-437,是,是,shì,Adv,yes,功能詞,功能詞,
L1-438,不,不,bù,Adv,"no, not",功能詞,功能詞,
L1-439,沒,没,méi,Adv,"no, not",功能詞,功能詞,
L1-440,別,别,bié,Adv,other; don't,功能詞,功能詞,
L1-441,沒有,没有,méiyǒu,Adv,not have,功能詞,功能詞,
L1-442,也,也,yě,Adv,"also, too, as well",功能詞,功能詞,
L1-443,有,有,yǒu,V,"to have, to possess",功能詞,功能詞,
L1-444,要,要,yào,V,"to want/wish (to), to ask (for), to demand, to request",功能詞,功能詞,
L1-445,會,会,huì,V,"will, can, be able to, be good at, be skillful in",功能詞,功能詞,
L1-446,像,像,xiàng,V,"to be like, to resemble",功能詞,功能詞,
L1-447,不用,不用,bùyòng,V,need not,功能詞,功能詞,
L1-448,什麼,什么,shénme,N,what,功能詞,功能詞,
L1-449,怎麼,怎么,zěnme,N,how,功能詞,功能詞,
L1-450,為什麼,为什么,wèishénme,N,why,功能詞,功能詞,
L1-451,怎麼樣,怎么样,zěnmeyàng,N,how,功能詞,功能詞,
L1-452,怎麼辦,怎么办,zěnmebàn,N,what to do,功能詞,功能詞,
L1-453,把,把,bǎ,BA,marking entities which have undergone a certain change of state,功能詞,功能詞,
L1-454,可以,可以,kěyǐ,Adv,"can, may",功能詞,功能詞,
L1-455,都,都,dōu,Adv,all,功能詞,功能詞,
L1-456,和,和,hé/hàn,Prep/Conj,"with, and",功能詞,功能詞,"[{""Traditional"": ""和"", ""Simplified"": ""和"", ""Pinyin"": ""hé""}, {""Traditional"": ""和"", ""Simplified"": ""和"", ""Pinyin"": ""hàn""}]"
L1-457,跟,跟,gēn,Conj/Prep,"and, with",功能詞,功能詞,
L1-458,或,或,huò,Conj,"or, either or",功能詞,功能詞,
L1-459,因為,因为,yīnwèi,Conj,because,功能詞,功能詞,
L1-460,的,的,de,Ptc,possessive particle; common adj. particle; particle: emphasizing an action,功能詞,功能詞,
L1-461,嗎,吗,ma,Ptc,a question particle,功能詞,功能詞,
L1-462,呢,呢,ne,Ptc,a question particle,功能詞,功能詞,
L1-463,喂,喂,wéi,Ptc,"a common telephone or intercom greeting ""hello""",功能詞,功能詞,
L1-464,吧,吧,ba,Ptc,particle implying probability,功能詞,功能詞,
L2-001,姓,姓,xìng,V/N,"surname, family name",人物,人物,
L2-002,家庭,家庭,jiātíng,N,family,人物,家庭,
L2-003,客人,客人,kèrén,N,"guest, visitor",人物,家庭,
L2-004,伯(伯),伯(伯),bó(bo),N,uncle,人物,家庭,"[{""Traditional"": ""伯"", ""Simplified"": ""伯"", ""Pinyin"": ""bó""}, {""Traditional"": ""伯伯"", ""Simplified"": ""伯伯"", ""Pinyin"": ""bóbo""}]"
L2-005,父母,父母,fùmǔ,N,parents,人物,家庭,
L2-006,寶貝,宝贝,bǎobèi,N,baby,人物,家庭,
L2-007,幫,帮,bāng,V,to help,人物,家庭,
L2-008,幫忙,帮忙,bāngmáng,V/N,(to) help,人物,家庭,
L2-009,事/事情,事/事情,shì/shìqíng/shìqing,N,matter,人物,家庭,"[{""Traditional"": ""事"", ""Simplified"": ""事"", ""Pinyin"": ""shì""}, {""Traditional"": ""事情"", ""Simplified"": ""事情"", ""Pinyin"": ""shìqíng""}, {""Traditional"": ""事情"", ""Simplified"": ""事情"", ""Pinyin"": ""shìqing""}]"
L2-010,家事,家事,jiāshì,N,housework,人物,家庭,
L2-011,打掃,打扫,dǎsǎo,V,to clean,人物,家庭,
L2-012,長大,长大,zhǎngdà,V,to grow up,人物,家庭,
L2-013,容易,容易,róngyì,Vs,easy,人物,家庭,
L2-014,簡單,简单,jiǎndān,Vs,simple,人物,家庭,
L2-015,難,难,nán,Vs,difficult,人物,家庭,
L2-016,清楚,清楚,qīngchǔ/qīngchu,Vs,clear,人物,家庭,"[{""Traditional"": ""清楚"", ""Simplified"": ""清楚"", ""Pinyin"": ""qīngchǔ""}, {""Traditional"": ""清楚"", ""Simplified"": ""清楚"", ""Pinyin"": ""qīngchu""}]"
L2-017,心,心,xīn,N,heart,人物,身體部位,
L2-018,背,背,bèi/bēi,N/V,back of body; to carry sth on the back,人物,身體部位,"[{""Traditional"": ""背"", ""Simplified"": ""背"", ""Pinyin"": ""bèi""}, {""Traditional"": ""背"", ""Simplified"": ""背"", ""Pinyin"": ""bēi""}]"
L2-019,動,动,dòng,V,to move,人物,身體動作,
L2-020,活,活,huó,Vs,alive,人物,身體動作,
L2-021,躺,躺,tǎng,V,to lie,人物,身體動作,
L2-022,休息,休息,xiūxí/xiūxi,V,to rest,人物,身體動作,"[{""Traditional"": ""休息"", ""Simplified"": ""休息"", ""Pinyin"": ""xiūxí""}, {""Traditional"": ""休息"", ""Simplified"": ""休息"", ""Pinyin"": ""xiūxi""}]"
L2-023,拉,拉,lā,V,to pull,人物,手部動作,
L2-024,推,推,tuī,V,to push,人物,手部動作,
L2-025,接,接,jiē,V,to catch; to pick up sb,人物,手部動作,
L2-026,抓,抓,zhuā,V,to grab,人物,手部動作,
L2-027,舉,举,jǔ,V,to lift,人物,手部動作,
L2-028,弄,弄,nòng,V,to play with sth,人物,手部動作,
L2-029,掛,挂,guà,V,to hang,人物,手部動作,
L2-030,跳,跳,tiào,V,to jump,人物,腳部動作,
L2-031,香,香,xiāng,Vs,fragrant,人物,鼻子動作,
L2-032,臭,臭,chòu,Vs,stink,人物,口部動作,
L2-033,吹,吹,chuī,V,to blow,人物,口部動作,
L2-034,說話,说话,shuōhuà,V,to speak,人物,口部動作,
L2-035,生氣,生气,shēngqì,Vs,angry,人物,心理活動,
L2-036,高興,高兴,gāoxìng,Vs,happy,人物,心理活動,
L2-037,開心,开心,kāixīn,Vs,happy,人物,心理活動,
L2-038,有趣,有趣,yǒuqù,Vs,interesting,人物,心理活動,
L2-039,緊張,紧张,jǐnzhāng,Vs,nervous,人物,心理活動,
L2-040,奇怪,奇怪,qíguài,Vs,strange,人物,心理活動,
L2-041,疼,疼,téng,Vs,hurt,人物,心理活動,
L2-042,夢,梦,mèng,N/V,(to) dream,人物,心理活動,
L2-043,做夢/作夢,做梦/作梦,zuòmèng,V,to dream,人物,心理活動,"[{""Traditional"": ""做夢"", ""Simplified"": ""做梦"", ""Pinyin"": ""zuòmèng""}, {""Traditional"": ""作夢"", ""Simplified"": ""作梦"", ""Pinyin"": ""zuòmèng""}]"
L2-044,忘,忘,wàng,Vs,to forget,人物,心理活動,
L2-045,想念,想念,xiǎngniàn,Vs,to miss,人物,心理活動,
L2-046,懂,懂,dǒng,Vs,to understand,人物,心理活動,
L2-047,輕,轻,qīng,Vs,light,人物,人格特質,
L2-048,重,重,zhòng,Vs,heavy,人物,人格特質,
L2-049,年紀,年纪,niánjì,N,age,人物,人格特質,
L2-050,年輕,年轻,niánqīng,Vs,young,人物,人格特質,
L2-051,美麗,美丽,měilì,Vs,beautiful,人物,人格特質,
L2-052,勇敢,勇敢,yǒnggǎn,Vs,brave,人物,人格特質,
L2-053,聰明,聪明,cōngmíng,Vs,smart,人物,人格特質,
L2-054,害羞,害羞,hàixiū,Vs,shy,人物,人格特質,
L2-055,牙醫,牙医,yáyī,N,dentist,人物,職業,
L2-056,司機,司机,sījī,N,driver,人物,職業,
L2-057,老闆,老板,lǎobǎn,N,boss,人物,職業,
L2-058,畫家,画家,huàjiā,N,painter,人物,職業,
L2-059,廚師,厨师,chúshī,N,cook,人物,職業,
L2-060,農夫/農民,农夫/农民,nóngfū/nóngmín,N,farmer,人物,職業,"[{""Traditional"": ""農夫"", ""Simplified"": ""农夫"", ""Pinyin"": ""nóngfū""}, {""Traditional"": ""農民"", ""Simplified"": ""农民"", ""Pinyin"": ""nóngmín""}]"
L2-061,歌手/歌星,歌手/歌星,gēshǒu/gēxīng,N,singer,人物,職業,"[{""Traditional"": ""歌手"", ""Simplified"": ""歌手"", ""Pinyin"": ""gēshǒu""}, {""Traditional"": ""歌星"", ""Simplified"": ""歌星"", ""Pinyin"": ""gēxīng""}]"
L2-062,做,做,zuò,Vs,to be,人物,職業,
L2-063,第,第,dì,Det,marker of ordinal numerals,數量,數字,
L2-064,千,千,qiān,Num,thousand,數量,數字,
L2-065,數目,数目,shùmù,N,amount,數量,數字,
L2-066,全部,全部,quánbù,N/Det,"all, whole",數量,數字,
L2-067,一半,一半,yībàn,N/Det,"one half, half",數量,數字,
L2-068,一些,一些,yīxiē,Det,a little bit,數量,數字,
L2-069,一點兒,一点儿,yīdiǎnr,Det/Adv,"a bit, a little",數量,數字,
L2-070,完,完,wán,V,"to use up, to finish, to complete",數量,數字,
L2-071,算,算,suàn,V,"to calculate, to count",數量,數字,
L2-072,加,加,jiā,V,to add,數量,數字,
L2-073,總共,总共,zǒnggòng,V,to total,數量,數字,
L2-074,只,只,zhǐ,Adv,only,數量,數字,
L2-075,片,片,piàn,M,"partial measure word for thin, flat pieces of sth and for a vast expanse of sth",數量,數字,
L2-076,件,件,jiàn,M,"individual measure word for clothes etc., for furniture, jewelry etc., and for affairs, incidents etc",數量,數量,
L2-077,位,位,wèi,M,individual measure word for people,數量,數量,
L2-078,支/枝,支/枝,zhī,M,"individual measure word for flowers, grass and for rod-shaped article",數量,數量,"[{""Traditional"": ""支"", ""Simplified"": ""支"", ""Pinyin"": ""zhī""}, {""Traditional"": ""枝"", ""Simplified"": ""枝"", ""Pinyin"": ""zhī""}]"
L2-079,條,条,tiáo,M,"individual measure word for long, narrow things, such as rivers, pants, snakes etc",數量,數量,
L2-080,棵,棵,kē,M,individual measure word for plants.,數量,數量,
L2-081,顆,颗,kē,M,individual measure word for small and roundish things,數量,數量,
L2-082,瓶,瓶,píng,N/M,bottle; container measure word for bottles of liquid substances,數量,數量,
L2-083,張,张,zhāng,M,"individual measure word for flat things, or things with a surface",數量,數量,
L2-084,包,包,bāo,V/M,to pack; collective measure word for the things wrapped or tied up and for the things fixed in bundles,數量,數量,
L2-085,間,间,jiān,M,container measure word for houses or other buildings,數量,數量,
L2-086,把,把,bǎ,M,individual measure word for a thing with a handle or sth like a handle,數量,數量,
L2-087,付,付,fù,V,to pay,數量,金錢,
L2-088,收,收,shōu,V,to receive,數量,金錢,
L2-089,賣,卖,mài,V,to sell,數量,金錢,
L2-090,貴,贵,guì,Vs,expensive,數量,金錢,
L2-091,便宜,便宜,piányi,Vs,cheap,數量,金錢,
L2-092,找錢,找钱,zhǎoqián,V,to give change,數量,金錢,
L2-093,錢包,钱包,qiánbāo,N,"wallet, purse",數量,金錢,
L2-094,更,更,gèng,Adv,more,程度,程度,
L2-095,還,还,hái,Adv,still,程度,程度,
L2-096,這麼,这么,zhème,Adv,such,程度,程度,
L2-097,那麼,那么,nàme,Adv,like that,程度,程度,
L2-098,壞,坏,huài,Vs,bad,程度,程度,
L2-099,棒,棒,bàng,Vs,excellent,程度,程度,
L2-100,今年,今年,jīnnián,N/Adv,this year,時間,年月日星期,
L2-101,去年,去年,qùnián,N/Adv,last year,時間,年月日星期,
L2-102,明年,明年,míngnián,N/Adv,next year,時間,年月日星期,
L2-103,前天,前天,qiántiān,N/Adv,day before yesterday,時間,年月日星期,
L2-104,後天,后天,hòutiān,N/Adv,day after tomorrow,時間,年月日星期,
L2-105,週末,周末,zhōumò,N/Adv,weekend,時間,年月日星期,
L2-106,以前,以前,yǐqián,N/Adv,ealier; before; ago,時間,時間,
L2-107,從前,从前,cóngqián,N/Adv,long time ago,時間,時間,
L2-108,以後,以后,yǐhòu,N/Adv,"hereafter, afterward, subsequently",時間,時間,
L2-109,後來,后来,hòulái,N/Adv,"subsequently, later",時間,時間,
L2-110,正在,正在,zhèngzài,Adv,presently,時間,時間,
L2-111,一直,一直,yīzhí,Adv,"continuously, perennially, all along",時間,時間,
L2-112,常常,常常,chángcháng,Adv,"frequently, often",時間,時間,
L2-113,忽然,忽然,hūrán,Adv,suddenly,時間,時間,
L2-114,來得及,来得及,láidejí,Adv,be in time,時間,時間,
L2-115,一會兒,一会儿,yīhuǐr,Adv,a while,時間,時間,
L2-116,小時,小时,xiǎoshí,N,hour,時間,時間,
L2-117,分鐘,分钟,fēnzhōng,N,minute,時間,時間,
L2-118,時候,时候,shíhòu/shíhou,N,time,時間,時間,"[{""Traditional"": ""時候"", ""Simplified"": ""时候"", ""Pinyin"": ""shíhòu""}, {""Traditional"": ""時候"", ""Simplified"": ""时候"", ""Pinyin"": ""shíhou""}]"
L2-119,又,又,yòu,Conj/Adv,again,時間,時間,
L2-120,才,才,cái,Conj/Adv,just,時間,時間,
L2-121,然後,然后,ránhòu,Conj,then,時間,時間,
L2-122,慢,慢,màn,Vs,slow,時間,時間,
L2-123,灰色,灰色,huīsè,N,gray,形色,顏色,
L2-124,紫色,紫色,zǐsè,N,purple,形色,顏色,
L2-125,橘色,橘色,júsè,N,orange,形色,顏色,
L2-126,寬,宽,kuān,Vs,wide,形色,尺寸,
L2-127,窄,窄,zhǎi,Vs,narrow,形色,尺寸,
L2-128,細,细,xì,Vs,"thin, fine",形色,尺寸,
L2-129,比較,比较,bǐjiào,V,to compare,形色,尺寸,
L2-130,比,比,bǐ,V,to compare,形色,尺寸,
L2-131,邊,边,biān,N,"side, edge",形色,形狀,
L2-132,上衣,上衣,shàngyī,N,top,生活,衣物飾品,
L2-133,洋裝,洋装,yángzhuāng,N,dress,生活,衣物飾品,
L2-134,內衣,内衣,nèiyī,N,underwear,生活,衣物飾品,
L2-135,內褲,内裤,nèikù,N,underpants,生活,衣物飾品,
L2-136,口袋,口袋,kǒudài,N,pocket,生活,衣物飾品,
L2-137,手帕,手帕,shǒupà,N,handkerchief,生活,衣物飾品,
L2-138,手套,手套,shǒutào,N,gloves,生活,衣物飾品,
L2-139,眼鏡,眼镜,yǎnjìng,N,glasses,生活,衣物飾品,
L2-140,圍巾,围巾,wéijīn,N,scarf,生活,衣物飾品,
L2-141,家具,家具,jiājù,N,furniture,生活,居家用品,
L2-142,鈴,铃,líng,N,bell,生活,居家用品,
L2-143,屋頂,屋顶,wūdǐng,N,roof,生活,居家用品,
L2-144,沙發,沙发,shāfā,N,sofa,生活,居家用品,
L2-145,書架,书架,shūjià,N,bookshelf,生活,居家用品,
L2-146,書桌,书桌,shūzhuō,N,desk,生活,居家用品,
L2-147,鏡(子),镜(子),jìng(zi),N,mirror,生活,居家用品,"[{""Traditional"": ""鏡子"", ""Simplified"": ""镜子"", ""Pinyin"": ""jìngzi""}, {""Traditional"": ""鏡"", ""Simplified"": ""镜"", ""Pinyin"": ""jìng""}]"
L2-148,桶(子),桶(子),tǒng(zi),N,bucket,生活,居家用品,"[{""Traditional"": ""桶子"", ""Simplified"": ""桶子"", ""Pinyin"": ""tǒngzi""}, {""Traditional"": ""桶"", ""Simplified"": ""桶"", ""Pinyin"": ""tǒng""}]"
L2-149,盒(子),盒(子),hé(zi),N/M,box; container measure word for things in a box,生活,居家用品,"[{""Traditional"": ""盒"", ""Simplified"": ""盒"", ""Pinyin"": ""hé"", ""POS"": ""M""}, {""Traditional"": ""盒子"", ""Simplified"": ""盒子"", ""Pinyin"": ""hézi"", ""POS"": ""N""}]"
L2-150,袋(子),袋(子),dài(zi),N,bag,生活,居家用品,"[{""Traditional"": ""袋子"", ""Simplified"": ""袋子"", ""Pinyin"": ""dàizi""}, {""Traditional"": ""袋"", ""Simplified"": ""袋"", ""Pinyin"": ""dài""}]"
L2-151,毛巾,毛巾,máojīn,N,towel,生活,居家用品,
L2-152,牙刷,牙刷,yáshuā,N,toothbrush,生活,居家用品,
L2-153,牙膏,牙膏,yágāo,N,toothpaste,生活,居家用品,
L2-154,手機,手机,shǒujī,N,"cell phone, mobile phone",生活,居家用品,
L2-155,垃圾,垃圾,lèsè,N,garbage,生活,居家用品,
L2-156,東西,东西,dōngxi,N,thing,生活,居家用品,
L2-157,信,信,xìn,N,"letter, mail",生活,居家用品,
L2-158,郵票,邮票,yóupiào,N,stamp,生活,居家用品,
L2-159,卡片,卡片,kǎpiàn,N,card,生活,居家用品,
L2-160,報紙,报纸,bàozhǐ,N,newspaper,生活,居家用品,
L2-161,湯匙/勺子,汤匙/勺子,tāngchí/sháozi,N,spoon,生活,居家用品,"[{""Traditional"": ""湯匙"", ""Simplified"": ""汤匙"", ""Pinyin"": ""tāngchí""}, {""Traditional"": ""勺子"", ""Simplified"": ""勺子"", ""Pinyin"": ""sháozi""}]"
L2-162,盤(子),盘(子),pán(zhi),N/M,plate; individual measure word for plate-shaped things.,生活,居家用品,"[{""Traditional"": ""盤"", ""Simplified"": ""盘"", ""Pinyin"": ""pán"", ""POS"": ""M""}, {""Traditional"": ""盤子"", ""Simplified"": ""盘子"", ""Pinyin"": ""pánzi"", ""POS"": ""N""}]"
L2-163,茶壺,茶壶,cháhú,N,"teapot, teakettle",生活,居家用品,
L2-164,舊,旧,jiù,Vs,old,生活,居家用品,
L2-165,乾淨,干净,gānjìng,Vs,clean,生活,居家用品,
L2-166,亂,乱,luàn,Vs,messy,生活,居家用品,
L2-167,整理,整理,zhěnglǐ,V,"to put in order, to arrange",生活,居家用品,
L2-168,關,关,guān,V,"to close, to shut, to turn off",生活,居家用品,
L2-169,搬,搬,bān,V,to move,生活,居家用品,
L2-170,倒,倒,dào,V,to empty,生活,居家活動,
L2-171,用,用,yòng,V,to use,生活,居家活動,
L2-172,找,找,zhǎo,V,"to find, to look for",生活,居家活動,
L2-173,刷,刷,shuā,V,to brush,生活,居家活動,
L2-174,寄,寄,jì,V,"to send, to mail",生活,居家活動,
L2-175,食物,食物,shíwù,N,food,生活,飲食,
L2-176,米,米,mǐ,N,rice,生活,飲食,
L2-177,炒飯,炒饭,chǎofàn,N,fried rice,生活,飲食,
L2-178,粽(子),粽(子),zòng(zi),N,a pyramid-shaped mass of glutinous rice wrapped in leaves,生活,飲食,"[{""Traditional"": ""粽子"", ""Simplified"": ""粽子"", ""Pinyin"": ""zòngzi""}, {""Traditional"": ""粽"", ""Simplified"": ""粽"", ""Pinyin"": ""zòng""}]"
L2-179,包子,包子,bāozi,N,steamed stuffed bun,生活,飲食,
L2-180,月餅,月饼,yuèbǐng/yuèbing,N,moon cake,生活,飲食,"[{""Traditional"": ""月餅"", ""Simplified"": ""月饼"", ""Pinyin"": ""yuèbǐng""}, {""Traditional"": ""月餅"", ""Simplified"": ""月饼"", ""Pinyin"": ""yuèbing""}]"
L2-181,牛排,牛排,niúpái,N,beefsteak,生活,飲食,
L2-182,沙拉,沙拉,shālā,N,salad,生活,飲食,
L2-183,咖哩,咖哩,kālǐ,N,curry,生活,飲食,
L2-184,奶油,奶油,nǎiyóu,N,"cream, butter",生活,飲食,
L2-185,青菜,青菜,qīngcài,N,vegetables,生活,飲食,
L2-186,南瓜,南瓜,nánguā,N,pumpkin,生活,飲食,
L2-187,玉米,玉米,yùmǐ/yùmi,N,corn,生活,飲食,"[{""Traditional"": ""玉米"", ""Simplified"": ""玉米"", ""Pinyin"": ""yùmǐ""}, {""Traditional"": ""玉米"", ""Simplified"": ""玉米"", ""Pinyin"": ""yùmi""}]"
L2-188,洋蔥,洋葱,yángcōng,N,onion,生活,飲食,
L2-189,咖啡,咖啡,kāfēi,N,coffee,生活,飲食,
L2-190,開水,开水,kāishuǐ,N,boiling/boiled water,生活,飲食,
L2-191,奶茶,奶茶,nǎichá,N,milk tea,生活,飲食,
L2-192,炸雞,炸鸡,zhájī,N,fried chicken,生活,飲食,
L2-193,薯條,薯条,shǔtiáo,N,French fries,生活,飲食,
L2-194,雞塊,鸡块,jīkuài,N,Chicken nugget,生活,飲食,
L2-195,披薩/比薩,披萨/比萨,pīsà/bǐsà,N,pizza,生活,飲食,"[{""Traditional"": ""披薩"", ""Simplified"": ""披萨"", ""Pinyin"": ""pīsà""}, {""Traditional"": ""比薩"", ""Simplified"": ""比萨"", ""Pinyin"": ""bǐsà""}]"
L2-196,點心,点心,diǎnxīn/diǎnxin,N,snack,生活,飲食,"[{""Traditional"": ""點心"", ""Simplified"": ""点心"", ""Pinyin"": ""diǎnxīn""}, {""Traditional"": ""點心"", ""Simplified"": ""点心"", ""Pinyin"": ""diǎnxin""}]"
L2-197,巧克力,巧克力,qiǎokèlì,N,chocolate,生活,飲食,
L2-198,葡萄,葡萄,pútao,N,grape,生活,飲食,
L2-199,飽,饱,bǎo,Vs,full,生活,飲食,
L2-200,渴,渴,kě,Vs,thirsty,生活,飲食,
L2-201,烤,烤,kǎo,V,"to roast, to barbecue, to bake",生活,飲食,
L2-202,做菜,做菜,zuòcài,V,to cook,生活,飲食,
L2-203,菜單,菜单,càidān,N,menu,生活,飲食,
L2-204,點菜,点菜,diǎncài,V,to order dishes,生活,飲食,
L2-205,年級,年级,niánjí,N,grade,生活,學校,
L2-206,班級,班级,bānjí,N,class,生活,學校,
L2-207,小學,小学,xiǎoxué,N,"primary school, elementary school",生活,學校,
L2-208,中學,中学,zhōngxué,N,middle school,生活,學校,
L2-209,校長,校长,xiàozhǎng,N,principal,生活,學校,
L2-210,寒假,寒假,hánjià,N,winter vacation,生活,學校,
L2-211,暑假,暑假,shǔjià,N,summer vacation,生活,學校,
L2-212,請假,请假,qǐngjià,V,to ask for leave,生活,學校,
L2-213,小學生,小学生,xiǎoxuéshēng,N,an elementary school student,生活,學校,
L2-214,句(子),句(子),jù(zi),N,sentence,生活,學校,"[{""Traditional"": ""句子"", ""Simplified"": ""句子"", ""Pinyin"": ""jùzi""}, {""Traditional"": ""句"", ""Simplified"": ""句"", ""Pinyin"": ""jù""}]"
L2-215,故事,故事,gùshi,N,"story, tale",生活,學校,
L2-216,作文,作文,zuòwén,N,composition,生活,學校,
L2-217,圖片,图片,túpiàn,N,"picture, photograph",生活,學校,
L2-218,科學,科学,kēxué,N,science,生活,學校,
L2-219,美術,美术,měishù,N,art,生活,學校,
L2-220,數學,数学,shùxué,N,math,生活,學校,
L2-221,體育,体育,tǐyù,N,physical education,生活,學校,
L2-222,功課,功课,gōngkè,N,homework,生活,學校,
L2-223,本子,本子,běnzi,N,"book, notebook",生活,學校,
L2-224,運動會,运动会,yùndònghuì,N,sports day,生活,學校,
L2-225,練習,练习,liànxí,N/V,(to) practice,生活,學校,
L2-226,準備,准备,zhǔnbèi,N/V,"to prepare, preparation",生活,學校,
L2-227,加油,加油,jiāyóu,V,to cheer on,生活,學校,
L2-228,賽跑,赛跑,sàipǎo,N/V,(to) race,生活,學校,
L2-229,比賽,比赛,bǐsài,N/V,"match, competition; to compete",生活,學校,
L2-230,參加,参加,cānjiā,V,"to join, to attend",生活,學校,
L2-231,排隊,排队,páiduì,V,to stand in line,生活,學校,
L2-232,膠水,胶水,jiāoshuǐ,N,glue,生活,學校,
L2-233,蠟筆,蜡笔,làbǐ,N,wax crayon,生活,學校,
L2-234,交/交給,交/交给,jiāo/jiāogěi,V,"to hand over, to deliver",生活,學校,"[{""Traditional"": ""交"", ""Simplified"": ""交"", ""Pinyin"": ""jiāo""}, {""Traditional"": ""交給"", ""Simplified"": ""交给"", ""Pinyin"": ""jiāogěi""}]"
L2-235,帶,带,dài,V,"to take, to bring",生活,學校,
L2-236,翻,翻,fān,V,"to turn over, to turn around",生活,學校,
L2-237,教,教,jiāo,V,to teach,生活,學校,
L2-238,打架,打架,dǎjià,V,to fight,生活,學校,
L2-239,走路,走路,zǒulù,V/N,(to) walk,生活,休閒活動,
L2-240,跑步,跑步,pǎobù,V/N,(to) jog,生活,休閒活動,
L2-241,舞蹈,舞蹈,wǔdào,N,dance,生活,休閒活動,
L2-242,滑雪,滑雪,huáxuě,V/N,(to) ski,生活,休閒活動,
L2-243,逛,逛,guàng,V,to window-shop,生活,休閒活動,
L2-244,散步,散步,sànbù,V/N,(to) take a walk,生活,休閒活動,
L2-245,旅行,旅行,lǚxíng,V/N,"(to) travel, journey, tour",生活,休閒活動,
L2-246,溜滑梯,溜滑梯,liūhuátī,N,slide,生活,休閒活動,
L2-247,網球,网球,wǎngqiú,N,tennis,生活,休閒活動,
L2-248,羽毛球,羽毛球,yǔmáoqiú,N,badminton,生活,休閒活動,
L2-249,乒乓球/桌球,乒乓球/桌球,pīngpāngqiú/zhuōqiú,N,ping-pong/table tennis,生活,休閒活動,"[{""Traditional"": ""乒乓球"", ""Simplified"": ""乒乓球"", ""Pinyin"": ""pīngpāngqiú""}, {""Traditional"": ""桌球"", ""Simplified"": ""桌球"", ""Pinyin"": ""zhuōqiú""}]"
L2-250,收集,收集,shōují,V/N,"to gather, to collect",生活,休閒活動,
L2-251,卡通,卡通,kǎtōng,N,cartoon,生活,休閒活動,
L2-252,漫畫,漫画,mànhuà,N,comic book,生活,休閒活動,
L2-253,上網,上网,shàngwǎng,V,to surf the internet,生活,休閒活動,
L2-254,鼓,鼓,gǔ,N,drum,生活,休閒活動,
L2-255,吉他,吉他,jítā,N,guitar,生活,休閒活動,
L2-256,小提琴,小提琴,xiǎotíqín,N,violin,生活,休閒活動,
L2-257,拜年,拜年,bàinián,V,to pay a New Year call,生活,休閒活動,
L2-258,紅包,红包,hóngbāo,N,red envelope with gift money,生活,休閒活動,
L2-259,壓歲錢,压岁钱,yāsuìqián,N,money given to children as a lunar New Year gift,生活,休閒活動,
L2-260,節,节,jié,N,festival,生活,休閒活動,
L2-261,端午節,端午节,duānwǔjié,N,the Dragon Boat Festival (falling on the fifth day of the fifth lunar month),生活,休閒活動,
L2-262,中秋節,中秋节,zhōngqiūjié,N,the Moon Festival or the Mid-Autumn Festival (on the 15th day of the 8th lunar month),生活,休閒活動,
L2-263,聖誕節,圣诞节,shèngdànjié,N,Christmas,生活,休閒活動,
L2-264,健康,健康,jiànkāng,Vs/N,"healthy, health",生活,健康,
L2-265,咳嗽,咳嗽,késòu/késou,V,to cough,生活,健康,"[{""Traditional"": ""咳嗽"", ""Simplified"": ""咳嗽"", ""Pinyin"": ""késòu""}, {""Traditional"": ""咳嗽"", ""Simplified"": ""咳嗽"", ""Pinyin"": ""késou""}]"
L2-266,發燒,发烧,fāshāo,V,to have a fever,生活,健康,
L2-267,口罩,口罩,kǒuzhào,N,a gauze mask,生活,健康,
L2-268,蛀牙,蛀牙,zhùyá,V/N,"decayed tooth, dental caries",生活,健康,
L2-269,跌倒,跌倒,diédǎo,V,to fall over,生活,健康,
L2-270,住院,住院,zhùyuàn,V,to be in hospital,生活,健康,
L2-271,受傷,受伤,shòushāng,Vs/N,"be injured/wounded; injury, wound",生活,健康,
L2-272,小心,小心,xiǎoxīn,Vs,careful,生活,健康,
L2-273,卡車,卡车,kǎchē,N,truck,交通,交通工具,
L2-274,計程車,计程车,jìchéngchē,N,taxi,交通,交通工具,
L2-275,消防車,消防车,xiāofángchē,N,fire truck,交通,交通工具,
L2-276,救護車,救护车,jiùhùchē,N,ambulance,交通,交通工具,
L2-277,摩托車,摩托车,mótuōchē,N,"motorcycle, scooter",交通,交通工具,
L2-278,票,票,piào,N,ticket,交通,交通工具,
L2-279,開車,开车,kāichē,V,to drive a car,交通,交通工具,
L2-280,停,停,tíng,V,"to park, to stop",交通,交通工具,
L2-281,迷路,迷路,mílù,V,to get lost,交通,交通工具,
L2-282,搭,搭,dā,V,to travel by or take (a conveyance),交通,交通工具,
L2-283,危險,危险,wéixiǎn,Vs,dangerous,交通,交通工具,
L2-284,安全,安全,ānquán,Vs,safe,交通,交通工具,
L2-285,雷,雷,léi,N,thunder,自然,現象,
L2-286,電,电,diàn,N,electricity,自然,現象,
L2-287,聲音,声音,shēngyīn,N,"sound, voice",自然,現象,
L2-288,閃電,闪电,shǎndiàn,N/V,lightning,自然,現象,
L2-289,彩虹,彩虹,cǎihóng,N,rainbow,自然,現象,
L2-290,季節,季节,jìjié,N,season,自然,季節,
L2-291,涼/涼快,凉/凉快,liáng/liángkuài,Vs,cool,自然,天氣,"[{""Traditional"": ""涼"", ""Simplified"": ""凉"", ""Pinyin"": ""liáng""}, {""Traditional"": ""涼快"", ""Simplified"": ""凉快"", ""Pinyin"": ""liángkuài""}]"
L2-292,寒冷,寒冷,hánlěng,Vs,cold,自然,天氣,
L2-293,溫暖,温暖,wēnnuǎn,Vs,warm,自然,天氣,
L2-294,乾,干,gān,Vs,dry,自然,天氣,
L2-295,玫瑰,玫瑰,méigui,N,rose,自然,植物,
L2-296,獅(子),狮(子),shī(zi),N,lion,自然,動物,"[{""Traditional"": ""獅子"", ""Simplified"": ""狮子"", ""Pinyin"": ""shīzi""}, {""Traditional"": ""獅"", ""Simplified"": ""狮"", ""Pinyin"": ""shī""}]"
L2-297,狼,狼,láng,N,wolf,自然,動物,
L2-298,象,象,xiàng,N,elephant,自然,動物,
L2-299,青蛙,青蛙,qīngwā,N,frog,自然,動物,
L2-300,蛇,蛇,shé,N,snake,自然,動物,
L2-301,蟲,虫,chóng,N,"worm, insect",自然,動物,
L2-302,蚊(子),蚊(子),wén(zi),N,mosquito,自然,動物,"[{""Traditional"": ""蚊子"", ""Simplified"": ""蚊子"", ""Pinyin"": ""wénzi""}, {""Traditional"": ""蚊"", ""Simplified"": ""蚊"", ""Pinyin"": ""wén""}]"
L2-303,蜘蛛,蜘蛛,zhīzhū,N,spider,自然,動物,
L2-304,蝴蝶,蝴蝶,húdié,N,butterfly,自然,動物,
L2-305,蜜蜂,蜜蜂,mìfēng,N,bee,自然,動物,
L2-306,螞蟻,蚂蚁,mǎyǐ,N,ant,自然,動物,
L2-307,蝸牛,蜗牛,wōniú,N,snail,自然,動物,
L2-308,鵝,鹅,é,N,goose,自然,動物,
L2-309,寵物,宠物,chǒngwù,N,pet,自然,動物,
L2-310,石/石頭,石/石头,shí/shítou,N,"stone, rock",自然,自然環境,"[{""Traditional"": ""石"", ""Simplified"": ""石"", ""Pinyin"": ""shí""}, {""Traditional"": ""石頭"", ""Simplified"": ""石头"", ""Pinyin"": ""shítou""}]"
L2-311,沙,沙,shā,N,sand,自然,自然環境,
L2-312,河,河,hé,N,river,自然,自然環境,
L2-313,森林,森林,sēnlín,N,forest,自然,自然環境,
L2-314,池塘,池塘,chítáng,N,pond,自然,自然環境,
L2-315,北邊,北边,běibiān,N,north,地方,方位,
L2-316,西邊,西边,xībiān,N,west,地方,方位,
L2-317,東邊,东边,dōngbiān,N,east,地方,方位,
L2-318,南邊,南边,nánbiān,N,south,地方,方位,
L2-319,右邊/右手邊,右边/右手边,yòubiān/yòushǒubiān,N,right side,地方,方位,"[{""Traditional"": ""右邊"", ""Simplified"": ""右边"", ""Pinyin"": ""yòubiān""}, {""Traditional"": ""右手邊"", ""Simplified"": ""右手边"", ""Pinyin"": ""yòushǒubiān""}]"
L2-320,左邊/左手邊,左边/左手边,zuǒbiān/zuǒshǒubiān,N,left side,地方,方位,"[{""Traditional"": ""左邊"", ""Simplified"": ""左边"", ""Pinyin"": ""zuǒbiān""}, {""Traditional"": ""左手邊"", ""Simplified"": ""左手边"", ""Pinyin"": ""zuǒshǒubiān""}]"
L2-321,旁(邊),旁(边),páng(biān),N,by the side of,地方,方位,"[{""Traditional"": ""旁"", ""Simplified"": ""旁"", ""Pinyin"": ""páng""}, {""Traditional"": ""旁邊"", ""Simplified"": ""旁边"", ""Pinyin"": ""pángbiān""}]"
L2-322,往,往,wǎng,Prep,toward,地方,方位,
L2-323,從,从,cóng,Prep,"from, since, through",地方,方位,
L2-324,近,近,jìn,Vs,"close, near",地方,方位,
L2-325,遠,远,yuǎn,Vs,far,地方,方位,
L2-326,對面,对面,duìmiàn,N,across,地方,方位,
L2-327,地方,地方,dìfāng/dìfang,N,place,地方,處所,"[{""Traditional"": ""地方"", ""Simplified"": ""地方"", ""Pinyin"": ""dìfāng""}, {""Traditional"": ""地方"", ""Simplified"": ""地方"", ""Pinyin"": ""dìfang""}]"
L2-328,客廳,客厅,kètīng,N,living room,地方,處所,
L2-329,浴室,浴室,yùshì,N,bathroom,地方,處所,
L2-330,院子,院子,yuànzi,N,courtyard,地方,處所,
L2-331,廁所,厕所,cèsuǒ,N,toilet,地方,處所,
L2-332,飯廳,饭厅,fàntīng,N,dining room,地方,處所,
L2-333,廚房,厨房,chúfáng,N,kitchen,地方,處所,
L2-334,教室,教室,jiàoshì,N,classroom,地方,處所,
L2-335,操場,操场,cāochǎng,N,playground,地方,處所,
L2-336,游泳池,游泳池,yóuyǒngchí,N,swimming pool,地方,處所,
L2-337,夜市,夜市,yèshì,N,night market,地方,處所,
L2-338,教堂,教堂,jiàotáng,N,church,地方,處所,
L2-339,郵局,邮局,yóujú,N,post office,地方,處所,
L2-340,銀行,银行,yínháng,N,bank,地方,處所,
L2-341,警察局,警察局,jǐngchájú,N,police office,地方,處所,
L2-342,電影院,电影院,diànyǐngyuàn,N,movie theater,地方,處所,
L2-343,辦公室,办公室,bàngōngshì,N,office,地方,處所,
L2-344,飯店/酒店,饭店/酒店,fàndiàn/jiǔdiàn,N,hotel,地方,處所,"[{""Traditional"": ""飯店"", ""Simplified"": ""饭店"", ""Pinyin"": ""fàndiàn""}, {""Traditional"": ""酒店"", ""Simplified"": ""酒店"", ""Pinyin"": ""jiǔdiàn""}]"
L2-345,公寓,公寓,gōngyù,N,apartment,地方,處所,
L2-346,大樓,大楼,dàlóu,N,multi-storied building,地方,處所,
L2-347,電梯,电梯,diàntī,N,elevator,地方,處所,
L2-348,樓梯,楼梯,lóutī,N,stairs,地方,處所,
L2-349,屋(子),屋(子),wū(zi),N,house,地方,處所,"[{""Traditional"": ""屋子"", ""Simplified"": ""屋子"", ""Pinyin"": ""wūzi""}, {""Traditional"": ""屋"", ""Simplified"": ""屋"", ""Pinyin"": ""wū""}]"
L2-350,農田,农田,nóngtián,N,farm,地方,處所,
L2-351,街,街,jiē,N,street,地方,處所,
L2-352,馬路/道路,马路/道路,mǎlù/dàolù,N,road,地方,處所,"[{""Traditional"": ""馬路"", ""Simplified"": ""马路"", ""Pinyin"": ""mǎlù""}, {""Traditional"": ""道路"", ""Simplified"": ""道路"", ""Pinyin"": ""dàolù""}]"
L2-353,高速公路,高速公路,gāosùgōnglù,N,"freeway, highway",地方,處所,
L2-354,熱鬧,热闹,rènao,Vs,"boisterous, bustling",地方,處所,
L2-355,泰國,泰国,tàiguó,N,Thailand,地方,國家,
L2-356,韓國,韩国,Hánguó,N,Korea,地方,國家,
L2-357,日本,日本,Rìběn,N,Japan,地方,國家,
L2-358,早安,早安,zǎo'ān,V,Good morning.,常用語,一般,
L2-359,晚安,晚安,wǎn'ān,V,Good night.,常用語,一般,
L2-360,歡迎,欢迎,huānyíng,V,"to welcome, to greet",常用語,一般,
L2-361,沒問題,没问题,méiwèntí,V,No problem.,常用語,一般,
L2-362,差不多,差不多,chàbuduō,V,almost the same,常用語,一般,
L2-363,不好意思,不好意思,bùhǎoyìsi,V,to feel embarrassed,常用語,一般,
L2-364,祝福,祝福,zhùfú,V/N,"to bless, to wish",常用語,祝福,
L2-365,進步,进步,jìnbù,N/V,"to improve, improvement",常用語,祝福,
L2-366,成功,成功,chénggōng,N/V,"success, to succeed",常用語,祝福,
L2-367,錯,错,cuò,Vs,wrong,功能詞,功能詞,
L2-368,能,能,néng,V,can,功能詞,功能詞,
L2-369,行,行,xíng,V,okay,功能詞,功能詞,
L2-370,可能,可能,kěnéng,Adv,"maybe, perhaps",功能詞,功能詞,
L2-371,當然,当然,dāngrán,Adv,"certainly, of course",功能詞,功能詞,
L2-372,一定,一定,yīdìng,Adv,definitely,功能詞,功能詞,
L2-373,還是,还是,háishì,Conj,or; still,功能詞,功能詞,
L2-374,所以,所以,suǒyǐ,Conj,so,功能詞,功能詞,
L2-375,如果,如果,rúguǒ,Conj,if,功能詞,功能詞,
L2-376,但是,但是,dànshì,Conj,but,功能詞,功能詞,
L2-377,得,得,de/dé,Ptc/V,"particle(de): verbs which are marked by de are followed by complements to show the resultive state of the action; Verb(dé): to get; Verb(děi): must, have to",功能詞,功能詞,"[{""Traditional"": ""得"", ""Simplified"": ""得"", ""Pinyin"": ""de""}, {""Traditional"": ""得"", ""Simplified"": ""得"", ""Pinyin"": ""dé""}]"
L3-001,它,它,tā,N,it,人物,人物,
L3-002,自己,自己,zìjǐ,N,oneself,人物,人物,
L3-003,介紹,介绍,jièshào,V/N,"to introduce, introduction",人物,人物,
L3-004,兒童,儿童,értóng,N,children,人物,人物,
L3-005,兄弟姊妹,兄弟姊妹,xiōngdìjiěmèi,N,siblings,人物,家庭,
L3-006,叔(叔),叔(叔),shú(shu),N,uncle,人物,家庭,"[{""Traditional"": ""叔"", ""Simplified"": ""叔"", ""Pinyin"": ""shú""}, {""Traditional"": ""叔叔"", ""Simplified"": ""叔叔"", ""Pinyin"": ""shúshu""}]"
L3-007,孫子/孫女,孙子/孙女,sūnzi/sūnnǚ,N,grandson; granddaughter,人物,家庭,"[{""Traditional"": ""孫子"", ""Simplified"": ""孙子"", ""Pinyin"": ""sūnzi""}, {""Traditional"": ""孫女"", ""Simplified"": ""孙女"", ""Pinyin"": ""sūnnǚ""}]"
L3-008,鄰居,邻居,línjū,N,neighbor,人物,家庭,
L3-009,照顧,照顾,zhàogù,V,to look after,人物,家庭,
L3-010,辦法,办法,bànfǎ,N,"way, means, measure, regulation",人物,家庭,
L3-011,方法,方法,fāngfǎ,N,"method, way, means",人物,家庭,
L3-012,習慣,习惯,xíguàn,N/V,habit; to be used to,人物,家庭,
L3-013,幸福,幸福,xìngfú,N,happiness,人物,家庭,
L3-014,眉,眉,méi,N,eyebrow,人物,身體部位,
L3-015,鬍(子),胡(子),hú(zi),N,beard,人物,身體部位,"[{""Traditional"": ""鬍子"", ""Simplified"": ""胡子"", ""Pinyin"": ""húzi""}, {""Traditional"": ""鬍"", ""Simplified"": ""胡"", ""Pinyin"": ""hú""}]"
L3-016,手臂,手臂,shǒubì,N,arm,人物,身體部位,
L3-017,肩膀,肩膀,jiānbǎng,N,shoulder,人物,身體部位,
L3-018,脖(子),脖(子),bó(zi),N,neck,人物,身體部位,"[{""Traditional"": ""脖子"", ""Simplified"": ""脖子"", ""Pinyin"": ""bózi""}, {""Traditional"": ""脖"", ""Simplified"": ""脖"", ""Pinyin"": ""bó""}]"
L3-019,皮膚,皮肤,pífū,N,skin,人物,身體部位,
L3-020,眼淚,眼泪,yǎnlèi,N,tears,人物,身體部位,
L3-021,死,死,sǐ,Vs,to die,人物,身體動作,
L3-022,靠,靠,kào,V,to lean against; to depend on,人物,身體動作,
L3-023,陪,陪,péi,V,to accompany,人物,身體動作,
L3-024,醒,醒,xǐng,Vs,awake,人物,身體動作,
L3-025,抱,抱,bào,V,to hug,人物,手部動作,
L3-026,按,按,àn,V,to press,人物,手部動作,
L3-027,捉,捉,zhuō,V,to catch,人物,手部動作,
L3-028,換,换,huàn,V,to exchange,人物,手部動作,
L3-029,擦,擦,cā,V,to wipe,人物,手部動作,
L3-030,偷,偷,tōu,V,to steal,人物,手部動作,
L3-031,丟,丢,diū,V,to throw; to lose sth,人物,手部動作,
L3-032,掉,掉,diào,V,to drop,人物,手部動作,
L3-033,見,见,jiàn,V,to see; to meet,人物,眼部動作,
L3-034,聞,闻,wén,V,to smell,人物,鼻子動作,
L3-035,咬,咬,yǎo,V,to bite,人物,口部動作,
L3-036,講(話),讲(话),jiǎng(huà),V,to talk,人物,口部動作,"[{""Traditional"": ""講"", ""Simplified"": ""讲"", ""Pinyin"": ""jiǎng""}, {""Traditional"": ""講話"", ""Simplified"": ""讲话"", ""Pinyin"": ""jiǎnghuà""}]"
L3-037,告訴,告诉,gàosu,V,to tell,人物,口部動作,
L3-038,親,亲,qīn,V,to kiss,人物,口部動作,
L3-039,聽說,听说,tīngshuō,V,to hear,人物,口部動作,
L3-040,嚐,尝,cháng,V,to taste,人物,口部動作,
L3-041,吵,吵,chǎo,Vs,noisy,人物,口部動作,
L3-042,猜,猜,cāi,V,to guess,人物,心理活動,
L3-043,煩惱,烦恼,fánnǎo,N/V,(to) worry,人物,心理活動,
L3-044,麻煩,麻烦,máfán,N/V,(to) trouble,人物,心理活動,
L3-045,無聊,无聊,wúliáo,Vs,"boring, bored",人物,心理活動,
L3-046,愉快,愉快,yúkuài,Vs,delightful,人物,心理活動,
L3-047,決定,决定,juédìng,V/N,"to decide, decision",人物,心理活動,
L3-048,相信,相信,xiāngxìn,V,to believe,人物,心理活動,
L3-049,發現,发现,fāxiàn,V,to discover,人物,心理活動,
L3-050,希望,希望,xīwàng,V,to hope,人物,心理活動,
L3-051,記得,记得,jìde,V,to remember,人物,心理活動,
L3-052,感覺,感觉,gǎnjué,N/Vs,"feeling, to feel",人物,心理活動,
L3-053,了解,了解,liǎojiě,V,to understand,人物,心理活動,
L3-054,以為,以为,yǐwéi,Vs,"to think, to consider",人物,心理活動,
L3-055,認識,认识,rènshì,Vs,to know,人物,心理活動,
L3-056,著急,着急,zhāojí,Vs,anxious,人物,心理活動,
L3-057,傷心,伤心,shāngxīn,Vs,heart-broken,人物,心理活動,
L3-058,擔心,担心,dānxīn,Vs,worried,人物,心理活動,
L3-059,舒服,舒服,shūfu,Vs,comfortable,人物,心理活動,
L3-060,壯,壮,zhuàng,Vs,strong,人物,人格特質,
L3-061,肥,肥,féi,Vs,fat,人物,人格特質,
L3-062,懶,懒,lǎn,Vs,lazy,人物,人格特質,
L3-063,醜,丑,chǒu,Vs,ugly,人物,人格特質,
L3-064,活潑,活泼,huópō,Vs,vivacious,人物,人格特質,
L3-065,認真,认真,rènzhēn,Vs,"serious, earnest",人物,人格特質,
L3-066,可憐,可怜,kělián,Vs,"pitiful, poor",人物,人格特質,
L3-067,幸運,幸运,xìngyùn,Vs,lucky,人物,人格特質,
L3-068,商人,商人,shāngrén,N,merchant,人物,職業,
L3-069,作家,作家,zuòjiā,N,writer,人物,職業,
L3-070,記者,记者,jìzhě,N,reporter,人物,職業,
L3-071,演員,演员,yǎnyuán,N,actor,人物,職業,
L3-072,機會,机会,jīhuì,N,chance,人物,職業,
L3-073,做事,做事,zuòshì,V,to work,人物,職業,
L3-074,成為,成为,chéngwéi,Vs,to become,人物,職業,
L3-075,辛苦,辛苦,xīnkǔ,Vs,to work hard,人物,職業,
L3-076,夢想,梦想,mèngxiǎng,N,dream,人物,職業,
L3-077,各,各,gè,Det,each,數量,數字,
L3-078,群,群,qún,M,"collective measure word for a number of people gathering together, for animals of the same kind, and for lots of close islands",數量,數字,
L3-079,封,封,fēng,M,"measure word for letters, telegrams etc",數量,數字,
L3-080,度,度,dù,M,measure word for temperature,數量,數字,
L3-081,段,段,duàn,M,"measure word for a part of sth, for example part of an essay, part of a journey etc., and for part of some time period.",數量,數字,
L3-082,盆,盆,pén,M,container measure word for the things in a basin.,數量,數字,
L3-083,頂,顶,dǐng,M,"individual measure word for things that have a cap, cover etc",數量,數字,
L3-084,幅,幅,fú,M,"individual measure word for calligraphy, painting etc",數量,數字,
L3-085,遍,遍,biàn,M,measure word for the course of an action from the beginning to the end.,數量,數字,
L3-086,篇,篇,piān,M,measure word for writings etc,數量,數字,
L3-087,輛,辆,liàng,M,measure word for any conveyance etc,數量,數字,
L3-088,雙,双,shuāng,M,measure word for two things of the same kind to be used together.,數量,數字,
L3-089,根,根,gēn,M,"individual measure word for long things and for soft and slender things, such as a banana, a lock of hair etc",數量,數量,
L3-090,萬,万,wàn,Num,ten thousand,數量,數量,
L3-091,號碼,号码,hàomǎ,N,number,數量,數量,
L3-092,數字,数字,shùzì,N,numeral,數量,數量,
L3-093,任何,任何,rènhé,Det,any,數量,數量,
L3-094,其他,其他,qítā,Det,other,數量,數量,
L3-095,所有,所有,suǒyǒu,Det,all,數量,數量,
L3-096,許多,许多,xǔduō,Det,"many, a lot of",數量,數量,
L3-097,有點兒,有点儿,yǒudiǎnr,Adv,a little,數量,數量,
L3-098,窮,穷,qióng,Vs,poor,數量,金錢,
L3-099,零用錢,零用钱,língyòngqián,N,allowance,數量,金錢,
L3-100,夠,够,gòu,Adv,enough,程度,程度,
L3-101,不錯,不错,bùcuò,Vs,not bad,程度,程度,
L3-102,弱,弱,ruò,Vs,weak,程度,程度,
L3-103,強,强,qiáng,Vs,strong,程度,程度,
L3-104,淡,淡,dàn,Vs,thin,程度,程度,
L3-105,濃,浓,nóng,Vs,thick,程度,程度,
L3-106,一模一樣,一模一样,yīmóyīyàng,,exactly the same,程度,程度,
L3-107,重要,重要,zhòngyào,Vs,important,程度,程度,
L3-108,特別,特别,tèbié,Vs,special,程度,程度,
L3-109,日期,日期,rìqí,N,date,時間,年月日星期,
L3-110,時間,时间,shíjiān,N,time,時間,時間,
L3-111,傍晚,傍晚,bāngwǎn,N/Adv,evening,時間,時間,
L3-112,半夜,半夜,bànyè,N/Adv,midnight,時間,時間,
L3-113,有時/有時候,有时/有时候,yǒushí/yǒushíhòu/yǒushíhou,Adv,sometimes,時間,時間,"[{""Traditional"": ""有時"", ""Simplified"": ""有时"", ""Pinyin"": ""yǒushí""}, {""Traditional"": ""有時候"", ""Simplified"": ""有时候"", ""Pinyin"": ""yǒushíhòu""}, {""Traditional"": ""有時候"", ""Simplified"": ""有时候"", ""Pinyin"": ""yǒushíhou""}]"
L3-114,剛才,刚才,gāngcái,Adv,just,時間,時間,
L3-115,馬上,马上,mǎshàng,Adv,immediately,時間,時間,
L3-116,經常,经常,jīngcháng,Adv,often,時間,時間,
L3-117,總是,总是,zǒngshì,Adv,always,時間,時間,
L3-118,從不,从不,cóngbù,Adv,never,時間,時間,
L3-119,當,当,dāng,Conj,when,時間,時間,
L3-120,久,久,jiǔ,Vs,for a long time,時間,時間,
L3-121,已經,已经,yǐjīng,Adv,already,時間,時間,
L3-122,永遠,永远,yǒngyuǎn,Adv,forever,時間,時間,
L3-123,過去,过去,guòqù,Adv,past,時間,時間,
L3-124,最後,最后,zuìhòu,Adv,last,時間,時間,
L3-125,趕,赶,gǎn,Vs,to rush,時間,時間,
L3-126,趕快,赶快,gǎnkuài,Adv,hurry,時間,時間,
L3-127,金色,金色,jīnsè,N,gold,形色,顏色,
L3-128,銀色,银色,yínsè,N,silver,形色,顏色,
L3-129,低,低,dī,Vs,low,形色,尺寸,
L3-130,直,直,zhí,Vs,straight,形色,形狀,
L3-131,扁,扁,biǎn,Vs,flat,形色,形狀,
L3-132,彎,弯,wān,Vs,curved; to bend,形色,形狀,
L3-133,捲,卷,juǎn,Vs,curl,形色,形狀,
L3-134,服裝,服装,fúzhuāng,N,costume,生活,衣物飾品,
L3-135,西裝,西装,xīzhuāng,N,suit,生活,衣物飾品,
L3-136,襯衫,衬衫,chènshān,N,shirt,生活,衣物飾品,
L3-137,領帶,领带,lǐngdài,N,tie,生活,衣物飾品,
L3-138,皮帶,皮带,pídài,N,belt,生活,衣物飾品,
L3-139,制服,制服,zhìfú,N,uniform,生活,衣物飾品,
L3-140,牛仔褲,牛仔裤,niúzǎikù,N,jeans,生活,衣物飾品,
L3-141,戒指,戒指,jièzhǐ,N,ring,生活,衣物飾品,
L3-142,耳環,耳环,ěrhuán,N,ear ring,生活,衣物飾品,
L3-143,項鍊,项链,xiàngliàn,N,necklace,生活,衣物飾品,
L3-144,針,针,zhēn,N,needle,生活,衣物飾品,
L3-145,線,线,xiàn,N,thread,生活,衣物飾品,
L3-146,背包,背包,bēibāo,N,backpack,生活,衣物飾品,
L3-147,打扮,打扮,dǎbàn/dǎban,V,"to dress up, to make up",生活,衣物飾品,"[{""Traditional"": ""打扮"", ""Simplified"": ""打扮"", ""Pinyin"": ""dǎbàn""}, {""Traditional"": ""打扮"", ""Simplified"": ""打扮"", ""Pinyin"": ""dǎban""}]"
L3-148,流行,流行,liúxíng,Vs,"fashionable, widespread",生活,衣物飾品,
L3-149,生活,生活,shēnghuó,N,life,生活,居家用品,
L3-150,響,响,xiǎng,Vs,to make a sound,生活,居家用品,
L3-151,地板,地板,dìbǎn,N,floor,生活,居家用品,
L3-152,工具,工具,gōngjù,N,tool,生活,居家用品,
L3-153,布,布,bù,N,cloth,生活,居家用品,
L3-154,梳子,梳子,shūzi,N,comb,生活,居家用品,
L3-155,玻璃,玻璃,bōli,N,glass,生活,居家用品,
L3-156,浴缸,浴缸,yùgāng,N,tub,生活,居家用品,
L3-157,衛生紙,卫生纸,wèishēngzhǐ,N,toilet paper,生活,居家用品,
L3-158,電風扇,电风扇,diànfēngshàn,N,fan,生活,居家用品,
L3-159,鑰匙,钥匙,yàoshi,N,key,生活,居家用品,
L3-160,收音機,收音机,shōuyīnjī,N,radio,生活,居家用品,
L3-161,隨身聽,随身听,suíshēntīng,N,a type of small cassette or cd player with headphones that you can carry with you,生活,居家用品,
L3-162,廣播,广播,guǎngbò/guǎngbō,N/V,(to) broadcast,生活,居家用品,"[{""Traditional"": ""廣播"", ""Simplified"": ""广播"", ""Pinyin"": ""guǎngbò""}, {""Traditional"": ""廣播"", ""Simplified"": ""广播"", ""Pinyin"": ""guǎngbō""}]"
L3-163,新聞,新闻,xīnwén,N,news,生活,居家用品,
L3-164,節目,节目,jiémù,N,show,生活,居家用品,
L3-165,消息,消息,xiāoxi,N,news,生活,居家用品,
L3-166,網站,网站,wǎngzhàn,N,website,生活,居家用品,
L3-167,電子郵件,电子邮件,diànzǐyóujiàn,N,e-mail,生活,居家用品,
L3-168,螢幕,萤幕,yíngmù,N,screen,生活,居家用品,
L3-169,雜誌,杂志,zázhì,N,magazine,生活,居家用品,
L3-170,留言,留言,liúyán,N/V,"message, to leave a message",生活,居家用品,
L3-171,整齊,整齐,zhěngqí,Vs,tidy,生活,居家用品,
L3-172,亂七八糟,乱七八糟,luànqībāzāo,Vs,messy,生活,居家用品,
L3-173,饅頭,馒头,mántou,N,steamed bun,生活,飲食,
L3-174,泡麵,泡面,pàomiàn,N,instant noodles,生活,飲食,
L3-175,火鍋,火锅,huǒguō,N,hotpot,生活,飲食,
L3-176,豆腐,豆腐,dòufu,N,tofu,生活,飲食,
L3-177,香腸,香肠,xiāngcháng,N,sausage,生活,飲食,
L3-178,蔬菜,蔬菜,shūcài,N,vegetable,生活,飲食,
L3-179,蘿蔔,萝卜,luóbo,N,carrot,生活,飲食,
L3-180,馬鈴薯,马铃薯,mǎlíngshǔ,N,potato,生活,飲食,
L3-181,果醬,果酱,guǒjiàng,N,jam,生活,飲食,
L3-182,蜂蜜,蜂蜜,fēngmì,N,honey,生活,飲食,
L3-183,糖果,糖果,tángguǒ,N,candy,生活,飲食,
L3-184,野餐,野餐,yěcān,N/V,(to) picnic,生活,飲食,
L3-185,胡椒粉,胡椒粉,hújiāofěn,N,pepper,生活,飲食,
L3-186,酒,酒,jiǔ,N,wine,生活,飲食,
L3-187,鳳梨,凤梨,fènglí,N,pineapple,生活,飲食,
L3-188,檸檬,柠檬,níngméng,N,lemon,生活,飲食,
L3-189,椰(子),椰(子),yé(zi),N,coconut,生活,飲食,"[{""Traditional"": ""椰子"", ""Simplified"": ""椰子"", ""Pinyin"": ""yézi""}, {""Traditional"": ""椰"", ""Simplified"": ""椰"", ""Pinyin"": ""yé""}]"
L3-190,梨(子),梨(子),lí(zi),N,pear,生活,飲食,"[{""Traditional"": ""梨子"", ""Simplified"": ""梨子"", ""Pinyin"": ""lízi""}, {""Traditional"": ""梨"", ""Simplified"": ""梨"", ""Pinyin"": ""lí""}]"
L3-191,味道,味道,wèidao,N,taste,生活,飲食,
L3-192,鹹,咸,xián,Vs,salty,生活,飲食,
L3-193,鹽,盐,yán,N,salt,生活,飲食,
L3-194,辣,辣,là,Vs,spicy,生活,飲食,
L3-195,酸,酸,suān,Vs,sour,生活,飲食,
L3-196,煮,煮,zhǔ,V,to cook,生活,飲食,
L3-197,煎,煎,jiān,V,to fry,生活,飲食,
L3-198,新鮮,新鲜,xīnxiān,Vs,fresh,生活,飲食,
L3-199,畢業,毕业,bìyè,V,to graduate,生活,學校,
L3-200,討論,讨论,tǎolùn,V,to discuss,生活,學校,
L3-201,遲到,迟到,chídào,Vs,late,生活,學校,
L3-202,安靜,安静,ānjìng,Vs,quiet,生活,學校,
L3-203,吵架,吵架,chǎojià,V,to argue,生活,學校,
L3-204,夏令營,夏令营,xiàlìngyíng,N,summer camp,生活,學校,
L3-205,舉行,举行,jǔxíng,V,to hold,生活,學校,
L3-206,活動,活动,huódòng,N,activity,生活,學校,
L3-207,書法,书法,shūfǎ,N,chinese calligraphy,生活,學校,
L3-208,興趣,兴趣,xìngqù,N,"interest, hobby",生活,學校,
L3-209,文章,文章,wénzhāng,N,"article, essay",生活,學校,
L3-210,日記,日记,rìjì,N,diary,生活,學校,
L3-211,字典,字典,zìdiǎn,N,dictionary,生活,學校,
L3-212,歷史,历史,lìshǐ,N,history,生活,學校,
L3-213,地理,地理,dìlǐ,N,geography,生活,學校,
L3-214,戲劇,戏剧,xìjù,N,drama,生活,學校,
L3-215,回答,回答,huídá,V/N,to answer,生活,學校,
L3-216,答案,答案,dá'àn,N,answer,生活,學校,
L3-217,通知,通知,tōngzhī,V/N,to inform,生活,學校,
L3-218,複習,复习,fùxí,V,to review,生活,學校,
L3-219,學習,学习,xuéxí,V,to learn,生活,學校,
L3-220,選擇,选择,xuǎnzé,V/N,to choose; choice,生活,學校,
L3-221,借,借,jiè,V,to borrow,生活,學校,
L3-222,替,替,tì,V,on behalf of,生活,學校,
L3-223,試,试,shì,V,to try,生活,學校,
L3-224,輸,输,shū,V,to lose,生活,學校,
L3-225,贏,赢,yíng,V,to win,生活,學校,
L3-226,毛筆,毛笔,máobǐ,N,writing brush,生活,學校,
L3-227,水彩,水彩,shuǐcǎi,N,watercolor,生活,學校,
L3-228,堆,堆,duī,V/M,"(to) stack, (to) pile; collective measure word for a mass of things in piles",生活,休閒活動,
L3-229,積木,积木,jīmù,N,brick,生活,休閒活動,
L3-230,划船,划船,huáchuán,V,to row a boat,生活,休閒活動,
L3-231,溜冰,溜冰,liūbīng,V,to skate,生活,休閒活動,
L3-232,跳繩,跳绳,tiàoshéng,V/N,rope-skipping,生活,休閒活動,
L3-233,釣魚,钓鱼,diàoyú,V/N,fishing,生活,休閒活動,
L3-234,旅遊,旅游,lǚyóu,V/N,to travel,生活,休閒活動,
L3-235,參觀,参观,cānguān,V,to visit,生活,休閒活動,
L3-236,露營,露营,lùyíng,V/N,camping,生活,休閒活動,
L3-237,聊天,聊天,liáotiān,V,to chat,生活,休閒活動,
L3-238,電動玩具/電玩,电动玩具/电玩,diàndòngwánjù/diànwán,N,video game,生活,休閒活動,"[{""Traditional"": ""電動玩具"", ""Simplified"": ""电动玩具"", ""Pinyin"": ""diàndòngwánjù""}, {""Traditional"": ""電玩"", ""Simplified"": ""电玩"", ""Pinyin"": ""diànwán""}]"
L3-239,風箏,风筝,fēngzhēng,N,kite,生活,休閒活動,
L3-240,計畫,计划,jìhuà,V/N,(to) plan,生活,休閒活動,
L3-241,打算,打算,dǎsuàn,V,"to plan, to intend",生活,休閒活動,
L3-242,網路,网路,wǎnglù,N,internet,生活,休閒活動,
L3-243,油畫,油画,yóuhuà,N,oil painting,生活,休閒活動,
L3-244,影片,影片,yǐngpiàn,N,film,生活,休閒活動,
L3-245,小說,小说,xiǎoshuō,N,novel,生活,休閒活動,
L3-246,樂器,乐器,yuèqì,N,musical instruments,生活,休閒活動,
L3-247,喇叭,喇叭,lǎba,N,trumpet,生活,休閒活動,
L3-248,笛(子),笛(子),dí(zi),N,flute,生活,休閒活動,"[{""Traditional"": ""笛子"", ""Simplified"": ""笛子"", ""Pinyin"": ""dízi""}, {""Traditional"": ""笛"", ""Simplified"": ""笛"", ""Pinyin"": ""dí""}]"
L3-249,合唱團,合唱团,héchàngtuán,N,"chorus, choir",生活,休閒活動,
L3-250,捉迷藏,捉迷藏,zhuōmícáng,N,hide-and-seek,生活,休閒活動,
L3-251,躲,躲,duǒ,V,to hide,生活,休閒活動,
L3-252,表演,表演,biǎoyǎn,N/V,"performance, to perform",生活,休閒活動,
L3-253,結婚,结婚,jiéhūn,V,to marry,生活,休閒活動,
L3-254,慶祝,庆祝,qìngzhù,N/V,to celebrate,生活,休閒活動,
L3-255,紀念,纪念,jìniàn,V,"to remember, to commemorate",生活,休閒活動,
L3-256,血,血,xiě,N,blood,生活,健康,
L3-257,癢,痒,yǎng,Vs,itchy,生活,健康,
L3-258,注意,注意,zhùyì,V,to notice; to watch out,生活,健康,
L3-259,傳染,传染,chuánrǎn,V,"to be contagious, to infect",生活,健康,
L3-260,昏倒,昏倒,hūndǎo,Vs,to faint,生活,健康,
L3-261,近視,近视,jìnshì,N/Vs,nearsighted,生活,健康,
L3-262,轉,转,zhuǎn,V,to turn,交通,交通工具,
L3-263,遇,遇,yù,V,"to encounter, to come across",交通,交通工具,
L3-264,出發,出发,chūfā,V,"to set off, to depart",交通,交通工具,
L3-265,發生,发生,fāshēng,V,to happen,交通,交通工具,
L3-266,離開,离开,líkāi,V,to leave,交通,交通工具,
L3-267,車禍,车祸,chēhuò,N,car accident,交通,交通工具,
L3-268,地鐵,地铁,dìtiě,N,"subway, underground",交通,交通工具,
L3-269,安全帶,安全带,ānquándài,N,seat belt,交通,交通工具,
L3-270,紅綠燈,红绿灯,hónglǜdēng,N,traffic light,交通,交通工具,
L3-271,方便,方便,fāngbiàn,Vs,convenient,交通,交通工具,
L3-272,霧,雾,wù,N,fog,自然,現象,
L3-273,刮,刮,guā,V,to blow (wind),自然,現象,
L3-274,颱風,台风,táifēng,N,typhoon,自然,現象,
L3-275,空氣,空气,kōngqì,N,air,自然,現象,
L3-276,光,光,guāng,N,light,自然,現象,
L3-277,地震,地震,dìzhèn,N,earthquake,自然,現象,
L3-278,"災(火災,水災)","灾(火灾,水灾)","zāi(huǒzāi, shuǐzāi)",N,disaster,自然,現象,"[{""Traditional"": ""災"", ""Simplified"": ""灾"", ""Pinyin"": ""zāi""}, {""Traditional"": ""火災"", ""Simplified"": ""火灾"", ""Pinyin"": ""huǒzāi""}, {""Traditional"": ""水災"", ""Simplified"": ""水灾"", ""Pinyin"": ""shuǐzāi""}]"
L3-279,變,变,biàn,V,"to become, to turn into",自然,季節,
L3-280,溫度,温度,wēndù,N,temperature,自然,天氣,
L3-281,濕,湿,shī,Vs,humid; wet,自然,天氣,
L3-282,晴朗,晴朗,qínglǎng,Vs,sunny,自然,天氣,
L3-283,植物,植物,zhíwù,N,plant,自然,植物,
L3-284,牠,它,tā,N,it,自然,動物,
L3-285,熊,熊,xióng,N,bear,自然,動物,
L3-286,貓熊/熊貓,猫熊/熊猫,māoxióng/xióngmāo,N,panda,自然,動物,"[{""Traditional"": ""貓熊"", ""Simplified"": ""猫熊"", ""Pinyin"": ""māoxióng""}, {""Traditional"": ""熊貓"", ""Simplified"": ""熊猫"", ""Pinyin"": ""xióngmāo""}]"
L3-287,長頸鹿,长颈鹿,chángjǐnglù,N,giraffe,自然,動物,
L3-288,龍,龙,lóng,N,dragon,自然,動物,
L3-289,恐龍,恐龙,kǒnglóng,N,dinosaur,自然,動物,
L3-290,蟑螂,蟑螂,zhāngláng,N,cockroach,自然,動物,
L3-291,蝦,虾,xiā,N,shrimp,自然,動物,
L3-292,鯨魚,鲸鱼,jīngyú,N,whale,自然,動物,
L3-293,企鵝,企鹅,qì'é,N,penguin,自然,動物,
L3-294,烏龜,乌龟,wūguī,N,turtle,自然,動物,
L3-295,老鷹,老鹰,lǎoyīng,N,eagle,自然,動物,
L3-296,尾巴,尾巴,wěiba,N,tail,自然,動物,
L3-297,屬,属,shǔ,V,to belong to,自然,動物,
L3-298,島,岛,dǎo,N,island,自然,自然環境,
L3-299,湖,湖,hú,N,lake,自然,自然環境,
L3-300,地球,地球,dìqiú,N,earth,自然,自然環境,
L3-301,貝殼,贝壳,bèiké,N,shell,自然,自然環境,
L3-302,海灘,海滩,hǎitān,N,beach,自然,自然環境,
L3-303,洞,洞,dòng,N,hole,自然,自然環境,
L3-304,地圖,地图,dìtú,N,map,地方,方位,
L3-305,出現,出现,chūxiàn,V,to appear,地方,方位,
L3-306,離,离,lí,Vs,to be distant from,地方,方位,
L3-307,向,向,xiàng,Prep,"to, towards",地方,方位,
L3-308,附近,附近,fùjìn,Adv,nearby,地方,方位,
L3-309,到處,到处,dàochù,Adv,everywhere,地方,方位,
L3-310,臥房,卧房,wòfáng,N,bedroom,地方,處所,
L3-311,陽台,阳台,yángtái,N,balcony,地方,處所,
L3-312,美術館,美术馆,měishùguǎn,N,art gallery,地方,處所,
L3-313,飛機場,飞机场,fēijīchǎng,N,airport,地方,處所,
L3-314,停車場,停车场,tíngchēchǎng,N,parking lot,地方,處所,
L3-315,博物館,博物馆,bówùguǎn,N,museum,地方,處所,
L3-316,補習班,补习班,bǔxíbān,N,cram school,地方,處所,
L3-317,遊樂園,游乐园,yóulèyuán,N,amusement park,地方,處所,
L3-318,圖書館,图书馆,túshūguǎn,N,library,地方,處所,
L3-319,超級市場,超级市场,chāojíshìchǎng,N,supermarket,地方,處所,
L3-320,藥房/藥局,药房/药局,yàofáng/yàojú,N,pharmacy,地方,處所,"[{""Traditional"": ""藥房"", ""Simplified"": ""药房"", ""Pinyin"": ""yàofáng""}, {""Traditional"": ""藥局"", ""Simplified"": ""药局"", ""Pinyin"": ""yàojú""}]"
L3-321,工廠,工厂,gōngchǎng,N,factory,地方,處所,
L3-322,廟,庙,miào,N,temple,地方,處所,
L3-323,公司,公司,gōngsī,N,company,地方,處所,
L3-324,十字路口,十字路口,shízìlùkǒu,N,crossroad,地方,處所,
L3-325,斑馬線,斑马线,bānmǎxiàn,N,pedestrian crossing,地方,處所,
L3-326,橋,桥,qiáo,N,bridge,地方,處所,
L3-327,牆,墙,qiáng,N,wall,地方,處所,
L3-328,風景,风景,fēngjǐng,N,"landscape, scenery",地方,國家,
L3-329,鄉村,乡村,xiāngcūn,N,countryside,地方,國家,
L3-330,城市,城市,chéngshì,N,city,地方,國家,
L3-331,國旗,国旗,guóqí,N,flag,地方,國家,
L3-332,世界,世界,shìjiè,N,world,地方,國家,
L3-333,文字,文字,wénzì,N,"character, word",地方,語言,
L3-334,文化,文化,wénhuà,N,culture,地方,語言,
L3-335,語言,语言,yǔyán,N,language,地方,語言,
L3-336,漢字,汉字,hànzì,N,chinese character,地方,語言,
L3-337,打招呼,打招呼,dǎ zhāohū,V,"to greet, to say hello",常用語,一般,
L3-338,怎麼,怎么,zěnme,N,why,功能詞,功能詞,
L3-339,也許,也许,yěxǔ,Adv,maybe,功能詞,功能詞,
L3-340,原來,原来,yuánlái,Adv,originally,功能詞,功能詞,
L3-341,本來,本来,běnlái,Adv,originally,功能詞,功能詞,
L3-342,應該,应该,yīnggāi,V,should,功能詞,功能詞,
L3-343,讓,让,ràng,V,to let,功能詞,功能詞,
L3-344,必須,必须,bìxū,V,must,功能詞,功能詞,
L3-345,需要,需要,xūyào,V/N,(to) need,功能詞,功能詞,
L3-346,被,被,bèi,Bei,a passive voice marker,功能詞,功能詞,
L3-347,為,为,wèi,Prep,for,功能詞,功能詞,
L3-348,為了,为了,wèile,Prep,in order to,功能詞,功能詞,
L3-349,可是,可是,kěshì,Conj,but,功能詞,功能詞,
L3-350,雖然,虽然,suīrán,Conj,although,功能詞,功能詞,
L3-351,連,连,lián,Conj,even; and,功能詞,功能詞,
L3-352,與,与,yǔ,Conj,and,功能詞,功能詞,
L3-353,除了,除了,chúle,Conj,"unless, besides, except",功能詞,功能詞,
L3-354,而且,而且,érqiě,Conj,moreover,功能詞,功能詞,
L3-355,不但,不但,bùdàn,Conj/Adv,not only,功能詞,功能詞,
L3-356,啊,啊,a,Ptc,"ah, an exclamation",功能詞,功能詞,
